ID,acousticness,danceability,energy,tempo,valence,instrumentalness,liveness,loudness,speechiness
1,0.155,0.221,0.0879,126.622,0.0401,0.698,0.0869,-16.996,0.0381
2,0.881,0.091,0.279,76.256,0.0372,0.916,0.105,-16.499,0.0412
3,0.912,0.127,0.0355,65.659,0.0834,0.594,0.119,-28.803,0.0447
4,0.87,0.197,0.499,79.723,0.148,0.776,0.0398,-9.874,0.0581
5,0.971,0.776,0.106,119.929,0.155,0.765,0.0825,-17.246,0.0794
6,0.00148,0.635,0.686,145.101,0.713,0.933,0.0684,-10.361,0.0887
9,0.813,0.31,0.346,131.117,0.152,0.91,0.107,-11.232,0.0392
11,0.877,0.236,0.0113,89.751,0.0374,0.3,0.0789,-31.226,0.0439
12,0.393,0.668,0.616,97.986,0.566,6.31E-06,0.092,-7.925,0.0582
13,0.89,0.284,0.0863,70.79,0.0796,0.0889,0.0803,-20.316,0.0428
14,0.987,0.109,0.104,70.956,0.117,0.903,0.0926,-14.72,0.0338
17,0.908,0.445,0.511,92.212,0.325,0.917,0.156,-10.056,0.0408
19,0.513,0.093,0.0249,79.369,0.0365,0.805,0.0831,-20.74,0.0463
20,0.986,0.599,0.00379,131.623,0.326,0.924,0.101,-31.414,0.0644
21,0.95,0.204,0.177,66.12,0.0366,0.875,0.111,-16.339,0.0428
22,0.971,0.204,0.154,114.21,0.0389,0.945,0.103,-25.379,0.0421
24,0.987,0.261,0.108,174.106,0.139,0.977,0.209,-17.865,0.0387
26,0.96,0.194,0.0436,138.908,0.0294,0.899,0.105,-31.458,0.039
27,0.862,0.369,0.331,99.924,0.201,0.948,0.0925,-14.678,0.032
28,0.923,0.164,0.0933,129.94,0.0321,0.87,0.109,-22.457,0.04
30,0.88,0.272,0.284,111.642,0.0364,0.892,0.121,-17.183,0.0349
31,0.995,0.536,0.0397,83.998,0.502,0.961,0.108,-22.138,0.0511
32,0.016,0.273,0.903,192.587,0.0784,0.0381,0.0998,-6.116,0.106
34,0.524,0.446,0.606,123.773,0.182,0.13,0.873,-8.338,0.0931
35,0.772,0.501,0.445,80.086,0.388,0,0.117,-8.432,0.0337
37,0.937,0.14,0.0129,69.879,0.126,0.899,0.153,-33.012,0.0365
41,0.00172,0.556,0.542,146.922,0.34,0.249,0.364,-12.308,0.0509
45,0.708,0.194,0.406,180.159,0.305,0.602,0.114,-12.646,0.042
48,0.491,0,0.194,0,0,0.881,0.112,-19.114,0
51,0.862,0.346,0.253,82.442,0.0366,0.951,0.0807,-14.204,0.0461
59,0.996,0.363,0.00498,168.621,0.19,0.931,0.0648,-32.216,0.0479
60,0.723,0.253,0.109,113.484,0.0894,0.641,0.0721,-21.238,0.0355
67,0.988,0.277,0.000637,72.709,0,0.903,0.0964,-33.8,0.0521
69,0.948,0.305,0.0424,100.143,0.0364,0.774,0.084,-26.35,0.0323
72,0.915,0.568,0.186,109.093,0.0373,0.948,0.0668,-15.746,0.0322
79,0.929,0.285,0.347,170.449,0.0392,0.661,0.101,-16.019,0.0466
85,0.963,0.335,0.0688,52.025,0.278,0.843,0.124,-26.686,0.0406
86,0.895,0.0923,0.031,86.636,0.0344,0.916,0.0766,-29.351,0.0454
91,0.0783,0.711,0.774,102.542,0.885,1.60E-06,0.0446,-5.686,0.0389
92,0.00016,0.402,0.944,152.971,0.368,6.91E-06,0.114,-4.732,0.0559
96,0.957,0.309,0.281,105.878,0.103,0.271,0.0815,-12.746,0.0312
97,0.973,0.486,0.361,106.141,0.339,0.93,0.0883,-16.829,0.0288
101,0.847,0.42,0.257,99.984,0.0643,0.887,0.097,-14.524,0.0366
113,0.193,0.25,0.677,96.032,0.034,0.843,0.172,-14.26,0.0389
115,0.916,0.259,0.129,93.626,0.0398,0.684,0.388,-18.872,0.0371
117,9.96E-05,0.248,0.995,150.708,0.429,0,0.53,-4.816,0.183
118,0.511,0.171,0.214,62.568,0.0393,0.587,0.0982,-16.396,0.0372
119,0.819,0.575,0.226,135.361,0.478,0,0.121,-12.637,0.0365
122,0.741,0.634,0.118,133.856,0.474,0.748,0.214,-22.22,0.0351
137,0.21,0.196,0.394,130.899,0.0392,0.945,0.105,-16.016,0.0639
138,0.215,0.526,0.492,90.006,0.199,0.862,0.0762,-11.677,0.0324
140,0.00796,0.694,0.443,120.019,0.642,0,0.0731,-8.136,0.0456
141,0.324,0.44,0.27,125.969,0.039,0.927,0.164,-15.21,0.0376
143,0.171,0.481,0.464,103.97,0.168,0.163,0.13,-9.392,0.0256
144,0.479,0.276,0.261,73.174,0.322,0,0.158,-13.47,0.0475
146,0.988,0.135,0.00168,141.561,0.0372,0.957,0.135,-26.908,0.0708
155,0.972,0.27,0.105,89.963,0.0313,0.963,0.0745,-16.279,0.0378
157,0.567,0.2,0.191,119.905,0.0398,0.738,0.115,-18.767,0.0363
158,0.935,0.551,0.0551,128.569,0.734,0.155,0.152,-32.128,0.0352
164,0.688,0.126,0.0967,147.773,0.0388,0.893,0.105,-24.686,0.0393
165,0.97,0.424,0.252,130.111,0.0359,0.917,0.103,-15.392,0.0346
167,0.975,0.418,0.0585,98.185,0.236,0.00287,0.115,-15.772,0.0329
168,0.823,0.238,0.105,156.519,0.0754,0.671,0.096,-20.754,0.0388
170,0.497,0.636,0.296,120,0.0695,0.968,0.132,-16.046,0.0346
171,0.676,0.163,0.32,85.258,0.0339,0.579,0.127,-14.166,0.0397
174,0.641,0.32,0.172,150.979,0.163,0.0017,0.192,-11.935,0.0301
179,0.614,0.4,0.469,107.621,0.146,0,0.339,-11.27,0.0331
180,0.192,0.201,0.263,77.416,0.165,5.99E-05,0.0999,-17.928,0.0331
182,0.616,0.382,0.434,114.068,0.484,2.88E-06,0.0455,-10.688,0.0356
187,0.981,0.144,0.0298,102.489,0.0342,0.921,0.174,-27.002,0.0429
190,0.785,0.442,0.239,154.132,0.19,0.578,0.115,-16.335,0.112
195,0.00764,0.164,0.416,86.464,0.0354,0.795,0.096,-12.763,0.0366
198,0.493,0.416,0.546,180.044,0.0336,0.936,0.087,-11.812,0.0522
199,0.933,0.189,0.18,102.497,0.0569,0.577,0.259,-18.694,0.0326
201,0.782,0.188,0.468,114.146,0.0367,0.925,0.0823,-9.132,0.0447
203,0.513,0.135,0.0233,63.008,0.0352,0.909,0.0601,-16.648,0.0429
206,0.956,0.847,0.0552,122.068,0.0411,0.904,0.0919,-23.604,0.0688
211,0.662,0.226,0.512,78.624,0.25,0.000616,0.136,-9.404,0.054
212,0.0738,0.0953,0.372,179.421,0.0503,0.755,0.0972,-16.812,0.0411
217,0.608,0.154,0.162,75.174,0.034,0.877,0.0947,-18.942,0.0416
220,0.73,0.422,0.351,132.317,0.168,0.904,0.0784,-13.002,0.0352
227,0.548,0.159,0.145,75.425,0.0315,0.832,0.0853,-16.816,0.0374
229,0.973,0.256,0.017,111.302,0.106,0.0544,0.0961,-29.288,0.0407
235,0.567,0.2,0.134,122.191,0.0471,0.974,0.107,-17.548,0.0429
236,0.845,0.541,0.252,101.825,0.302,0.000383,0.165,-15.109,0.0322
237,0.015,0.53,0.49,90.395,0.0777,0.95,0.0983,-15.367,0.0357
238,0.0594,0.591,0.8,101,0.404,6.11E-05,0.192,-6.972,0.0725
241,0.0617,0.378,0.612,76.74,0.27,0,0.105,-6.282,0.0403
243,0.939,0.462,0.0904,97.951,0.0338,0.826,0.117,-23.027,0.0364
249,0.383,0.777,0.338,170.286,0.801,0.888,0.103,-11.341,0.0684
250,0.816,0.145,0.23,78.309,0.0327,0.941,0.0771,-17.905,0.0408
258,0.689,0.344,0.482,171.896,0.16,0,0.112,-8.685,0.047
261,0.72,0.482,0.533,127.983,0.157,0.913,0.46,-9.209,0.058
264,0.918,0.608,0.61,124.982,0.162,0.877,0.0887,-10.922,0.0335
265,0.991,0.56,0.00767,66.384,0.206,0.915,0.0737,-24.558,0.0538
267,0.535,0.421,0.46,171.845,0.208,0,0.101,-6.044,0.0344
269,0.0181,0.632,0.619,171.115,0.256,0.88,0.367,-11.486,0.131
275,0.425,0.0784,0.267,82.689,0.0463,0.953,0.103,-14.261,0.033
288,0.995,0.699,0.0155,75.935,0.292,0.934,0.133,-20.047,0.0707
295,0.969,0.242,0.0365,126.343,0.0426,0.906,0.0934,-28.394,0.0379
298,0.884,0.739,0.726,116.032,0.679,0.147,0.0872,-4.854,0.0407
300,0.333,0.569,0.273,81.41,0.235,0,0.127,-16.303,0.278
306,0.958,0.276,0.043,63.45,0.0782,0.918,0.0972,-29.739,0.0371
307,0.875,0.571,0.0797,82.579,0.0646,0.908,0.121,-15.202,0.144
309,0.994,0.151,0.023,75.494,0.0421,0.954,0.109,-24.191,0.0603
310,0.903,0.128,0.211,83.165,0.0768,0.023,0.0904,-14.883,0.0382
320,0.98,0.285,0.167,69.591,0.0284,0.895,0.0713,-23.009,0.0704
321,0.989,0.101,0.071,173.733,0.0315,0.966,0.0781,-22.462,0.0483
322,0.798,0.173,0.114,115.903,0.0383,0.93,0.113,-27.712,0.0541
324,0.0273,0.524,0.834,119.968,0.608,0.785,0.167,-9.142,0.051
328,0.735,0.148,0.118,138.196,0.0505,0.808,0.43,-22.263,0.0356
335,0.0948,0.66,0.926,109.997,0.731,0,0.248,-3.452,0.0296
338,0.551,0.164,0.0759,129.578,0.0345,0.87,0.117,-22.34,0.039
341,0.00304,0.362,0.523,104.993,0.288,0.911,0.215,-10.058,0.0323
343,0.891,0.0862,0.0322,82.035,0.0294,0.904,0.115,-32.17,0.0371
348,0.973,0.358,0.217,92.39,0.0696,0.982,0.204,-16.102,0.0314
350,0.385,0.106,0.207,74.389,0.0335,0.758,0.0882,-17.466,0.0382
358,0.967,0.348,0.0329,72.241,0.279,0,0.116,-16.271,0.0413
361,0.988,0.0672,0.131,72.506,0.0305,0.872,0.0671,-26.872,0.0483
366,0.977,0.386,0.0408,109.06,0.0667,0.938,0.105,-20.104,0.0477
368,0.12,0.466,0.717,81.565,0.761,0.000251,0.0285,-5.046,0.0564
369,0.769,0.183,0.179,140.107,0.0805,0.937,0.0933,-19.974,0.0348
377,0.947,0.116,0.0418,73.287,0.0396,0.715,0.114,-22.164,0.0427
380,0.0217,0.0689,0.553,66.851,0.0184,0.751,0.11,-9.985,0.0535
381,0.967,0.111,0.0621,90.79,0.029,0.861,0.0797,-21.731,0.0482
389,0.905,0.15,0.0269,87.953,0.0676,0.749,0.076,-24.639,0.0394
397,0.91,0.844,0.381,108.251,0.242,0.527,0.0836,-14.795,0.0723
407,0.0839,0.229,0.239,130.329,0.0511,0.639,0.0954,-14.095,0.0323
411,0.603,0.13,0.0916,151.156,0.0326,0.913,0.11,-16.592,0.033
413,0.364,0.326,0.214,105.005,0.0394,0.849,0.104,-17.847,0.0359
426,0.453,0.358,0.209,109.862,0.0597,0.859,0.155,-15.507,0.0345
427,0.944,0.217,0.0128,133.796,0.0395,0.938,0.0801,-33.821,0.0368
428,0.438,0.563,0.734,162.086,0.739,0,0.133,-10.176,0.472
429,0.951,0.236,0.212,74.441,0.0379,0.7,0.0864,-21.019,0.0762
430,0.026,0.497,0.444,108.155,0.123,2.38E-06,0.168,-7.52,0.028
433,0.976,0.125,0.145,74.169,0.0891,0.879,0.11,-15.511,0.0359
435,0.06,0.688,0.701,110.019,0.385,0.0301,0.271,-7.505,0.0298
441,0.933,0.218,0.0602,67.575,0.0349,0.949,0.0667,-27.021,0.0464
442,0.957,0.202,0.12,77.134,0.33,0.914,0.108,-21.509,0.0343
447,0.27,0.336,0.704,151.779,0.361,6.12E-05,0.107,-7.928,0.0472
454,0.944,0.0777,0.0939,65.093,0.0443,0.987,0.0701,-25.933,0.0417
463,0.0239,0.0876,0.275,167.591,0.0357,0.952,0.11,-13.808,0.0435
465,0.917,0.346,0.126,140.631,0.0395,0.208,0.0724,-21.672,0.0386
468,0.341,0.103,0.0223,87.894,0.033,0.27,0.395,-24.664,0.0387
472,0.96,0.0802,0.128,81.436,0.0381,0.891,0.0843,-14.281,0.0402
476,0.86,0.252,0.357,72.817,0.116,0.895,0.142,-11.864,0.0383
478,0.0012,0.172,0.332,88.986,0.0326,0.934,0.1,-15.026,0.0458
486,0.767,0.0888,0.111,86.618,0.0345,0.944,0.101,-27.392,0.0405
487,0.447,0.584,0.698,79.993,0.436,0,0.0699,-6.61,0.0376
491,0.816,0.666,0.441,128.063,0.522,0.756,0.29,-12.174,0.0323
492,0.966,0.142,0.276,66.856,0.0545,0.924,0.08,-15.116,0.0458
494,0.994,0.318,0.00377,127.17,0.104,0.9,0.09,-36.736,0.0455
501,0.954,0.425,0.0651,95.307,0.0346,0.898,0.0911,-19.021,0.058
503,0.972,0.455,0.165,119.995,0.0729,0.899,0.0906,-17.004,0.0356
510,0.899,0.159,0.117,75.438,0.0258,0.84,0.0749,-17.823,0.0481
512,0.878,0.316,0.0984,60.612,0.0367,0.618,0.108,-19.177,0.0325
516,0.894,0.114,0.0825,93.047,0.0545,0.764,0.0835,-29.231,0.0467
520,0.00109,0.413,0.669,175.037,0.0384,0.474,0.107,-9.672,0.0381
523,0.967,0.0692,0.0755,70.671,0.0385,0.937,0.0772,-27.553,0.0403
525,0.906,0.47,0.171,129.759,0.0381,0.898,0.125,-13.144,0.0339
536,0.945,0.0781,0.0377,63.674,0.0357,0.949,0.109,-20.935,0.045
539,0.72,0.237,0.153,113.258,0.0365,0.944,0.0777,-19.418,0.0353
541,0.0119,0.441,0.61,135.439,0.158,0.605,0.313,-17.951,0.0425
548,0.552,0.619,0.953,80.038,0.253,0.893,0.193,-6.097,0.076
551,0.946,0.268,0.159,68.829,0.0659,0.85,0.109,-17.675,0.033
552,0.989,0.162,0.0331,54.796,0.0729,0.942,0.109,-26.999,0.0392
554,0.766,0.315,0.369,145.366,0.451,2.22E-05,0.367,-10.489,0.0296
557,0.189,0.46,0.436,58.069,0.197,0.831,0.123,-14.06,0.0411
563,0.00012,0.417,0.88,174.069,0.346,0.796,0.144,-8.997,0.0426
564,0.627,0.34,0.253,104.06,0.0375,0.855,0.193,-14.856,0.0315
586,0.976,0.133,0.0803,81.144,0.0258,0.93,0.0725,-19.033,0.0446
587,0.994,0.221,0.0216,131.63,0.0278,0.219,0.0862,-26.316,0.0506
588,0.215,0.185,0.807,137.78,0.0472,0.893,0.0762,-11.366,0.0841
591,0.656,0.476,0.361,179.927,0.159,0.489,0.115,-11.434,0.0349
598,0.876,0.264,0.111,80.27,0.0337,0.91,0.124,-23.59,0.0501
600,0.876,0.0959,0.0449,76.044,0.044,0.14,0.105,-18.878,0.0396
603,0.557,0.562,0.519,122.925,0.415,0.000268,0.172,-8.744,0.0326
608,0.958,0.164,0.117,77.977,0.0661,0.783,0.177,-17.918,0.0363
610,0.00812,0.618,0.45,92.976,0.0375,0.884,0.114,-12.691,0.0432
611,0.95,0.188,0.198,114.999,0.0503,0.802,0.158,-22.862,0.0561
614,0.935,0.278,0.0199,82.961,0.0733,0.903,0.0916,-32.54,0.0351
615,0.979,0.35,0.0775,96.54,0.077,0.00103,0.061,-14.485,0.0374
620,0.994,0.0638,0.0822,58.856,0.0301,0.843,0.0818,-28.565,0.0508
622,0.476,0.647,0.368,110.775,0.688,0.777,0.193,-13.029,0.0431
636,0.801,0.0826,0.412,83.755,0.04,0.979,0.0903,-9.041,0.0383
637,0.98,0.509,0.428,92.018,0.0405,0.948,0.0895,-16.527,0.07
640,0.97,0.153,0.117,77.861,0.0934,0.945,0.142,-19.361,0.0392
645,0.00544,0.433,0.911,90.094,0.035,0.949,0.0966,-8.76,0.0587
650,0.301,0.187,0.674,109.188,0.192,0.945,0.282,-10.156,0.0518
658,0.951,0.195,0.0553,176.029,0.0342,0.846,0.102,-22.106,0.0534
659,0.71,0.0995,0.0301,61.993,0.0324,0.983,0.0904,-28.386,0.0467
672,0.917,0.129,0.333,74.31,0.0424,0.878,0.111,-20.864,0.0506
680,0.969,0.256,0.0187,63.129,0.0386,0.934,0.0798,-25.214,0.0348
683,0.734,0.508,0.575,79.873,0.549,0,0.684,-11.967,0.218
684,0.944,0.522,0.0807,102.692,0.116,0.279,0.109,-21.45,0.0341
701,0.969,0.475,0.313,140.935,0.348,0.828,0.108,-11.798,0.0326
702,0.000869,0.618,0.938,104.997,0.698,3.69E-05,0.298,-6.06,0.0324
705,0.323,0.0776,0.243,63.808,0.0689,0.9,0.288,-18.148,0.0386
706,0.994,0.282,0.0221,65.699,0.0394,0.93,0.11,-27.283,0.0349
707,0.994,0.468,0.0258,93.616,0.321,0.937,0.109,-28.793,0.038
712,0.956,0.175,0.0671,108.976,0.0435,0.756,0.107,-24.346,0.0361
716,0.301,0.231,0.135,64.917,0.0367,0.0769,0.103,-18.968,0.0422
717,0.00127,0.264,0.349,132.598,0.0544,0.854,0.1,-19.061,0.107
728,0.00147,0.48,0.869,91.307,0.606,0.00169,0.172,-6.967,0.047
737,0.131,0.626,0.426,104.717,0.413,0.519,0.245,-12.681,0.0341
741,0.32,0.54,0.652,108.068,0.285,0,0.0837,-8.569,0.212
744,0.457,0.0702,0.334,77.48,0.0334,0.809,0.108,-9.935,0.0459
745,0.98,0.124,0.136,179.9,0.0364,0.938,0.0859,-18.508,0.0454
748,0.867,0.267,0.157,70.903,0.0395,0,0.109,-14.861,0.0565
749,0.152,0.682,0.878,128.041,0.637,0.912,0.166,-7.081,0.0439
760,0.957,0.245,0.284,117.502,0.0323,0.929,0.0779,-11.101,0.0427
769,0.781,0.383,0.308,129.941,0.231,0.461,0.661,-11.26,0.0336
774,0.819,0.145,0.0309,70.14,0.0375,0.86,0.16,-25.379,0.0478
779,0.716,0.636,0.318,120.005,0.277,0,0.0728,-7.881,0.0401
789,0.887,0.523,0.247,135.972,0.257,0.000873,0.0854,-12.824,0.0282
795,0.0645,0.306,0.628,75.16,0.0398,0.9,0.128,-10.774,0.0672
799,0.813,0.636,0.537,68.955,0.368,1.82E-05,0.118,-7.78,0.0285
803,0.897,0.135,0.00913,83.347,0.0409,0.00907,0.115,-25.933,0.0426
813,0.957,0.125,0.00947,96.255,0.0366,0.84,0.109,-32.031,0.0413
825,0.953,0.18,0.134,112.894,0.0555,0.932,0.0647,-16.588,0.0392
827,0.872,0.239,0.124,95.877,0.035,0.105,0.0483,-15.571,0.0423
834,0.966,0.336,0.0986,167.987,0.0403,0.878,0.099,-28.617,0.0337
836,0.00461,0.527,0.77,171.952,0.705,0,0.0817,-10.116,0.0504
849,0.855,0.0825,0.0525,79.532,0.0354,0.956,0.186,-17.271,0.0481
857,0.994,0.239,0.00275,66.979,0.0613,0.939,0.0963,-34.512,0.0327
859,0.941,0.546,0.153,147.001,0.0468,0.922,0.116,-19.451,0.0432
867,0.955,0.202,0.239,171.655,0.0741,0.888,0.101,-17.892,0.0425
872,0.98,0.22,0.161,78.843,0.0397,0.86,0.0924,-18.692,0.0447
873,0.936,0.512,0.239,31.555,0.185,0.935,0.109,-18.298,0.059
890,0.249,0.894,0.86,107.297,0.964,0.00597,0.061,-4.507,0.0694
892,0.0171,0.426,0.973,149.303,0.456,0.354,0.318,-6.559,0.126
896,0.419,0.476,0.298,136.891,0.0398,0.811,0.206,-17.377,0.0401
903,0.374,0.577,0.435,114.119,0.381,0.877,0.0901,-13.441,0.0356
907,0.949,0.504,0.279,123.084,0.0386,0.897,0.0963,-15.417,0.0395
908,0.046,0.723,0.666,113.99,0.117,0,0.106,-7.028,0.0274
911,0.74,0.605,0.297,124.022,0.284,0.00379,0.118,-11.261,0.0308
912,0.0547,0.445,0.878,134.988,0.237,0.00031,0.0826,-6.056,0.133
918,0.896,0.198,0.149,93.376,0.0398,0.852,0.126,-19.54,0.0349
919,0.757,0.432,0.219,138.003,0.0928,0.789,0.0822,-15.037,0.039
928,0.881,0.332,0.045,119.477,0.0386,0.926,0.0794,-29.707,0.0401
946,0.546,0.636,0.591,66.597,0.218,0,0.116,-12.894,0.926
951,0.886,0.623,0.0757,98.091,0.0897,0.812,0.11,-10.094,0.0424
978,0.649,0.479,0.445,130.017,0.102,0.928,0.0582,-14.151,0.0318
986,0.911,0.189,0.248,135.02,0.0367,0.792,0.131,-14.685,0.0352
991,0.76,0.463,0.29,117.916,0.297,0.595,0.051,-13.661,0.0398
1004,0.981,0.379,0.129,123.381,0.0488,0.713,0.122,-23.122,0.041
1009,0.00882,0.785,0.832,115.992,0.861,1.72E-06,0.0879,-9.1,0.132
1013,0.316,0.24,0.596,69.364,0.0846,0.835,0.094,-9.342,0.078
1016,7.84E-06,0.375,0.915,165.023,0.279,0.868,0.0819,-6.752,0.0452
1036,0.522,0.75,0.667,119.977,0.0559,0.772,0.132,-9.281,0.0476
1053,0.00444,0.681,0.933,130.02,0.896,0.886,0.0944,-9.039,0.0389
1054,0.991,0.14,0.047,65.611,0.035,0.93,0.106,-27.891,0.0421
1055,0.271,0.362,0.287,116.885,0.032,0.928,0.0956,-15.315,0.042
1057,0.92,0.287,0.0991,113.041,0.118,0.885,0.1,-26.459,0.0374
1064,0.685,0.688,0.422,136.058,0.776,0.937,0.106,-18.395,0.0438
1069,0.0204,0.423,0.951,78.78,0.768,0.000369,0.331,-1.726,0.118
1071,0.558,0.162,0.034,107.745,0.0351,0.884,0.202,-19.77,0.0367
1076,0.914,0.22,0.0911,88.148,0.0353,0.9,0.114,-26.881,0.0341
1090,0.913,0.679,0.18,125.951,0.338,0.368,0.0934,-17.492,0.0383
1100,0.933,0.299,0.137,74.88,0.161,0.928,0.094,-16.959,0.0344
1114,0.981,0.327,0.075,131.967,0.0454,0.92,0.271,-20.981,0.0375
1118,0.748,0.505,0.206,129.633,0.284,8.68E-05,0.114,-13.03,0.0314
1122,0.386,0.459,0.44,122.027,0.0629,0.579,0.22,-15.244,0.0312
1124,0.0142,0.753,0.823,95.958,0.614,0.922,0.0399,-7.542,0.0546
1127,0.663,0.0649,0.199,59.537,0.0332,0.927,0.341,-14.764,0.0369
1145,0.864,0.329,0.123,129.43,0.0598,0.897,0.097,-22.975,0.0367
1152,0.327,0.488,0.548,90.026,0.14,0.189,0.101,-13.788,0.0553
1157,0.937,0.677,0.418,140.019,0.783,0.631,0.112,-12.706,0.0294
1171,0.823,0.607,0.268,94.139,0.173,3.43E-06,0.0997,-13.474,0.0324
1175,0.716,0.57,0.442,73.963,0.53,0.000788,0.0922,-9.656,0.043
1177,0.809,0.405,0.298,94.679,0.0943,0.0908,0.466,-13.097,0.0324
1190,0.969,0.584,0.0758,59.151,0.191,0.87,0.105,-19.194,0.0451
1200,0.271,0.797,0.497,96.001,0.374,0,0.0966,-5.496,0.0273
1212,0.894,0.0866,0.0706,167.793,0.0373,0.58,0.101,-26.115,0.0408
1222,0.228,0.189,0.0782,150.167,0.0377,0.864,0.0847,-22.13,0.0455
1233,0.933,0.102,0.0677,216.429,0.0639,0.782,0.0873,-35.073,0.0625
1237,0.284,0.265,0.561,160.05,0.0391,0.794,0.0674,-12.405,0.0423
1241,0.302,0.537,0.501,80.235,0.233,0.671,0.0878,-13.386,0.081
1247,0.0643,0.201,0.329,118.566,0.0331,0.867,0.21,-16.767,0.0371
1273,0.949,0.231,0.227,134.361,0.0815,0.811,0.0858,-18.556,0.0364
1281,0.225,0.773,0.724,89.97,0.817,1.07E-05,0.0482,-5.487,0.15
1290,0.848,0.0884,0.181,166.19,0.127,0.982,0.132,-17.875,0.0353
1301,0.616,0.248,0.177,117.289,0.0399,0.654,0.0851,-20.45,0.0368
1321,0.461,0.692,0.532,80.01,0.724,0,0.0938,-6.841,0.0791
1324,0.994,0.152,0.132,184.145,0.244,0.957,0.0864,-14.562,0.0595
1333,0.915,0.194,0.249,68.101,0.255,0.865,0.0988,-23.406,0.051
1347,0.796,0.129,0.183,145.554,0.0262,0.936,0.108,-19.516,0.0459
1353,0.247,0.339,0.381,104.908,0.0542,0.796,0.277,-12.936,0.0359
1360,0.0432,0.657,0.491,140.024,0.545,0.928,0.126,-12.275,0.028
1365,0.141,0.0704,0.475,67.706,0.0392,0.939,0.0928,-11.915,0.0394
1368,0.92,0.614,0.244,139.508,0.062,0.936,0.101,-18.866,0.0771
1369,0.535,0.293,0.382,139.216,0.104,0.383,0.0824,-10.824,0.0339
1387,0.95,0.176,0.0887,71.215,0.164,0.65,0.0872,-31.601,0.0534
1409,0.573,0.568,0.427,119.999,0.141,0.872,0.098,-13.386,0.0303
1420,0.0161,0.594,0.719,109.993,0.165,9.55E-06,0.338,-5.677,0.0324
1421,0.743,0.0637,0.199,69.471,0.0261,0.811,0.105,-19.03,0.0459
1428,0.00406,0.578,0.823,110.003,0.0258,0.896,0.0907,-9.184,0.0373
1430,0.0406,0.77,0.666,136.004,0.74,4.10E-06,0.183,-7.232,0.0608
1437,0.99,0.17,0.0545,128.198,0.04,0.896,0.507,-30.603,0.0425
1439,0.744,0.499,0.541,81.198,0.381,0.00167,0.0579,-10.463,0.0448
1449,0.981,0.354,0.0736,65.032,0.0455,0.862,0.09,-16.004,0.0395
1453,0.0658,0.354,0.172,111.575,0.0369,0.846,0.111,-19.819,0.0545
1456,0.535,0.354,0.44,116.034,0.066,0.885,0.151,-13.249,0.0367
1457,0.726,0.49,0.643,99.516,0.263,0.876,0.11,-16.669,0.0393
1459,0.758,0.177,0.378,120.871,0.0361,0.936,0.138,-11.89,0.039
1460,0.00169,0.809,0.714,130.011,0.514,0.136,0.0573,-9.555,0.0342
1461,0.927,0.107,0.0847,85.03,0.0618,0.866,0.0868,-23.121,0.0447
1471,0.793,0.23,0.368,161.237,0.026,0.918,0.112,-13.283,0.0472
1491,0.753,0.579,0.561,84.959,0.376,3.78E-05,0.116,-8.35,0.0501
1501,0.0555,0.121,0.277,80.007,0.0385,0.942,0.0922,-14.745,0.0318
1523,0.985,0.54,0.0667,71.044,0.237,0.000782,0.104,-18.721,0.031
1552,0.987,0.498,0.274,127.893,0.195,0.873,0.129,-16.536,0.0452
1600,0.0561,0.341,0.375,170.405,0.0405,0.868,0.0784,-16.764,0.0368
1607,0.971,0.0827,0.04,64.26,0.0393,0.966,0.0986,-25.749,0.0397
1624,0.771,0.112,0.302,88.976,0.0331,0.862,0.137,-12.67,0.034
1660,0.722,0.0757,0.0109,82.326,0.0362,0.874,0.0905,-31.222,0.0382
1668,0.173,0.545,0.786,160.011,0.325,0.761,0.108,-12.82,0.0373
1688,0.989,0.13,0.0483,179.505,0.0455,0.906,0.0774,-25.746,0.0339
1689,0.435,0.126,0.143,182.75,0.0332,0.881,0.436,-23.173,0.0372
1690,0.937,0.273,0.0451,76.943,0.156,0.718,0.108,-31.282,0.0323
1691,0.664,0.441,0.167,180.058,0.0392,0.911,0.0974,-24.091,0.036
1702,0.334,0.873,0.588,132.083,0.964,0.0363,0.0476,-6.559,0.134
1704,0.574,0.649,0.458,180.071,0.748,0,0.113,-7.632,0.0446
1709,0.99,0.177,0.0712,66.494,0.0338,0.949,0.09,-22.54,0.0455
1710,0.988,0.459,0.327,76.253,0.0396,0.856,0.0802,-11.721,0.0578
1717,0.108,0.783,0.889,111.983,0.851,3.06E-05,0.333,-2.691,0.0598
1723,0.85,0.785,0.117,130.056,0.896,0.0344,0.0785,-18.857,0.0651
1731,0.0324,0.56,0.924,150.053,0.188,0.781,0.191,-7.691,0.0624
1744,0.221,0.549,0.34,95,0.104,0.13,0.159,-14.974,0.0428
1752,0.00516,0.321,0.885,118.645,0.0796,0.628,0.115,-9.394,0.055
1766,0.971,0.235,0.09,99.225,0.0413,0.179,0.101,-22.885,0.0386
1790,0.983,0.543,0.0424,120.02,0.0473,0.942,0.106,-25.925,0.0391
1802,0.97,0.157,0.146,106.385,0.0359,0.873,0.105,-17.006,0.0334
1817,0.893,0.218,0.0382,120.259,0.0392,0.337,0.283,-27.739,0.0386
1834,0.693,0.116,0.209,87.518,0.0387,0.897,0.0812,-18.176,0.0339
1871,0.858,0.539,0.0425,71.867,0.174,0.45,0.0974,-21.943,0.0434
1881,0.0487,0.32,0.73,134.714,0.0394,0.892,0.107,-13.264,0.048
1895,0.00165,0.606,0.742,125.987,0.611,0.16,0.301,-8.075,0.0298
1934,0.0591,0.829,0.735,126.007,0.766,6.22E-05,0.0776,-8.711,0.0882
1948,0.901,0.193,0.151,64.861,0.0344,0.783,0.114,-23.191,0.0381
1974,0.0116,0.829,0.76,107.01,0.773,1.04E-05,0.336,-5.552,0.106
2003,0.502,0.898,0.714,138.039,0.693,3.38E-05,0.149,-6.562,0.0567
2011,0.113,0.443,0.913,88.363,0.674,5.41E-06,0.381,-2.398,0.265
2017,0.0902,0.719,0.689,115.962,0.435,0.000425,0.105,-4.467,0.0294
2036,0.947,0.215,0.214,89.221,0.111,0.265,0.631,-14.541,0.032
2082,0.531,0.461,0.387,97.863,0.165,0.00192,0.0919,-10.943,0.0303
2124,0.954,0.124,0.109,95.999,0.0362,0.243,0.0886,-19.649,0.0369
2129,0.975,0.179,0.0372,119.872,0.0344,0.87,0.0758,-30.485,0.0455
2141,0.00321,0.545,0.937,90.003,0.646,0.882,0.626,-9.868,0.0392
2143,0.947,0.148,0.121,137.929,0.035,0.868,0.0881,-19.527,0.036
2146,0.952,0.106,0.199,66.429,0.133,0.922,0.117,-15.197,0.043
2164,0.908,0.0782,0.136,174.822,0.0271,0.988,0.108,-25.863,0.0488
2166,0.923,0.488,0.31,129.005,0.0376,0.794,0.0687,-17.533,0.0717
2197,0.76,0.533,0.158,113.01,0.0559,0.886,0.0884,-27.356,0.0367
2206,0.833,0.335,0.254,111.932,0.0484,0.0635,0.11,-21.869,0.081
2238,0.0102,0.529,0.623,180.071,0.743,0.000286,0.278,-10.022,0.386
2257,0.559,0.266,0.161,119.958,0.0304,0.906,0.143,-24.083,0.0438
2304,0.783,0.697,0.621,128.087,0.675,0.783,0.367,-5.544,0.0316
2317,0.00316,0.542,0.851,127.155,0.218,0.856,0.121,-8.833,0.0346
2320,0.957,0.178,0.0031,61.866,0.037,0.909,0.0903,-30.736,0.037
2333,0.597,0.0691,0.101,76.717,0.0562,0.942,0.0999,-22.11,0.0331
2350,0.774,0.227,0.325,108.652,0.315,0.297,0.366,-14.727,0.0342
2357,0.96,0.589,0.314,116.006,0.145,0.902,0.136,-12.013,0.0307
2361,0.879,0.365,0.2,122.202,0.22,0.933,0.145,-14.694,0.0417
2397,0.927,0.148,0.179,103.717,0.074,0.639,0.279,-17.17,0.0351
2398,0.00266,0.522,0.759,74.986,0.245,0.846,0.0879,-10.635,0.0368
2401,0.857,0.738,0.321,166.013,0.48,0.836,0.115,-18.547,0.0566
2439,0.677,0.662,0.393,80.265,0.536,0,0.113,-11.15,0.0368
2467,0.266,0.417,0.58,124.885,0.198,0.0464,0.122,-11.694,0.0465
2517,0.97,0.231,0.0602,136.179,0.104,0.894,0.072,-19.034,0.0356
2547,0.488,0.25,0.0441,61.527,0.033,0.915,0.207,-23.565,0.0336
2596,0.0195,0.491,0.459,80.039,0.106,0.48,0.0691,-9.763,0.0261
2612,0.96,0.293,0.151,104.046,0.052,0.931,0.121,-16.266,0.0392
2642,0.992,0.0872,0.0782,73.626,0.0792,0.93,0.0771,-19.078,0.0431
2643,0.434,0.236,0.588,130.586,0.463,0.917,0.111,-12.392,0.037
2661,0.951,0.1,0.186,168.523,0.0677,0.827,0.0965,-13.911,0.0378
2675,0.667,0.462,0.313,154.041,0.185,0.554,0.218,-20.209,0.0455
2685,0.234,0.415,0.634,79.973,0.173,0.693,0.125,-8.079,0.0321
2691,0.0626,0.525,0.815,90.009,0.5,3.97E-05,0.0982,-6.658,0.0303
2698,0.965,0.577,0.0385,120.083,0.212,0.887,0.0895,-23.203,0.0689
2700,0.173,0.604,0.932,136.311,0.316,0,0.0869,-3.996,0.34
2706,0.186,0.546,0.641,90.986,0.0528,0.901,0.0669,-13.97,0.0373
2757,0.944,0.575,0.0276,108.093,0.198,0.0679,0.171,-26.224,0.0685
2773,0.795,0.52,0.505,72.304,0.039,0.867,0.109,-14.967,0.0761
2808,0.662,0.356,0.345,80.008,0.117,0.943,0.151,-18.581,0.0447
2839,0.000513,0.52,0.571,138.061,0.196,0.939,0.235,-15.457,0.0431
2914,0.607,0.181,0.146,114.216,0.0403,0.939,0.154,-17.215,0.0554
2943,0.0144,0.739,0.804,132.014,0.837,0.00599,0.0691,-7.739,0.0732
2949,0.0651,0.0927,0.168,87.785,0.038,0.802,0.111,-24.63,0.0388
2972,0.261,0.896,0.59,125.944,0.907,0.128,0.0876,-6.071,0.0648
3007,0.164,0.718,0.881,100.013,0.566,0.0403,0.0528,-7.144,0.0625
3019,0.973,0.295,0.105,89.506,0.126,0.852,0.161,-25.15,0.039
3023,0.763,0.0833,0.131,169.109,0.0729,0.776,0.123,-14.986,0.0359
3188,0.0865,0.72,0.822,109.038,0.762,3.80E-06,0.184,-6.434,0.0402
3234,0.2,0.272,0.491,88.234,0.0357,0.884,0.271,-16.244,0.057
3325,1.35E-05,0.466,0.725,130.008,0.537,0.158,0.115,-8.8,0.0302
3365,0.987,0.196,0.0646,67.715,0.0399,0.974,0.249,-22.719,0.0328
3377,0.165,0.907,0.754,119.931,0.863,0.0138,0.136,-6.416,0.126
3561,0.512,0.158,0.28,97.807,0.0375,0.673,0.11,-16.709,0.0427
3563,0.573,0.311,0.227,93.033,0.195,0.473,0.103,-13.333,0.0369
3564,0.869,0.202,0.281,105.51,0.176,0.911,0.103,-16.657,0.0306
3566,0.847,0.123,0.0723,150.019,0.0364,0.933,0.0837,-27.06,0.0394
3569,0.00121,0.517,0.982,144.118,0.425,0.618,0.167,-4.162,0.074
3570,0.653,0.0934,0.124,83.485,0.038,0.829,0.0902,-21.343,0.0347
3576,0.0579,0.726,0.746,124.995,0.973,0.00902,0.108,-9.006,0.0306
3580,0.889,0.199,0.292,79.453,0.0727,0.524,0.107,-25.334,0.0409
3581,0.879,0.0811,0.133,177.287,0.0359,0.889,0.0916,-15.918,0.04
3582,0.984,0.144,0.191,71.444,0.0321,0.502,0.0907,-11.795,0.0394
3588,0.994,0.44,0.00793,133.107,0.127,0.903,0.0594,-29.269,0.0564
3590,0.0933,0.192,0.311,136.122,0.0376,0.81,0.0995,-14.495,0.0452
3592,0.367,0.792,0.663,104.996,0.406,0.761,0.107,-8.362,0.0552
3593,0.962,0.16,0.122,139.473,0.0367,0.813,0.398,-16.381,0.0452
3595,0.0142,0.347,0.562,140.147,0.0852,0.927,0.109,-11.124,0.0362
3596,0.899,0.131,0.199,87.805,0.0346,0.895,0.0945,-20.327,0.0522
3597,0.724,0.536,0.452,102.279,0.346,0.749,0.361,-15.74,0.027
3598,0.45,0.128,0.199,80.133,0.0307,0.937,0.111,-17.744,0.0449
3600,0.797,0.499,0.0639,139.858,0.0355,0.859,0.113,-23.99,0.0328
3601,0.0816,0.155,0.718,102.563,0.0383,0.945,0.105,-11.013,0.057
3603,0.712,0.184,0.273,60.152,0.0726,0.969,0.093,-13.557,0.0352
3608,0.968,0.344,0.0188,112.554,0.0811,0.872,0.103,-26.625,0.0373
3609,0.983,0.117,0.133,76.767,0.0346,0.964,0.0686,-20.696,0.0401
3610,0.443,0.335,0.23,97.198,0.133,0.702,0.128,-18.407,0.0331
3612,0.931,0.276,0.282,85.85,0.161,0,0.118,-13.227,0.0384
3614,0.822,0.428,0.388,126.721,0.0343,0.723,0.24,-16.882,0.0618
3616,0.779,0.334,0.513,95.884,0.13,0.935,0.134,-15.657,0.047
3618,0.884,0.204,0.226,77.793,0.0352,0.83,0.0992,-14.291,0.0426
3620,0.596,0.477,0.277,151.877,0.204,0.000104,0.0796,-15.325,0.027
3624,0.952,0.477,0.0292,95.026,0.0548,0.819,0.108,-26.403,0.0311
3628,0.902,0.166,0.187,60.42,0.092,0.893,0.114,-20.435,0.0341
3629,0.86,0.192,0.269,132.63,0.0776,0.901,0.121,-19.868,0.0414
3635,0.904,0.142,0.17,95.395,0.0345,0.935,0.0988,-16.264,0.0363
3638,0.919,0.0732,0.209,59.056,0.0384,0.909,0.127,-16.42,0.0395
3639,0.828,0.783,0.494,109.811,0.413,0.915,0.212,-14.032,0.0601
3642,0.884,0.153,0.162,68.734,0.0584,0.943,0.111,-19.61,0.0429
3651,0.911,0.176,0.0435,171.393,0.191,0.886,0.104,-25.914,0.0368
3653,0.989,0.271,0.282,121.277,0.036,0.957,0.102,-20.233,0.0443
3657,0.992,0.409,0.0211,74.074,0.132,0.869,0.11,-31.542,0.0629
3658,0.0638,0.401,0.454,103.912,0.0374,0.936,0.135,-15.826,0.0385
3662,0.00209,0.627,0.754,172.01,0.466,0.000162,0.144,-6.494,0.222
3666,0.00274,0.596,0.55,125.027,0.172,0.0594,0.0945,-12.463,0.0338
3667,0.823,0.319,0.0604,76.013,0.0387,0.929,0.0929,-20.89,0.0425
3677,0.97,0.18,0.0361,71.46,0.0422,0.974,0.0832,-29.251,0.0357
3680,0.856,0.115,0.0599,184.266,0.0358,0.932,0.114,-21.557,0.0394
3682,0.705,0.252,0.201,91.978,0.17,0.0891,0.13,-6.002,0.0416
3683,0.896,0.465,0.334,70.821,0.177,0.938,0.108,-9.729,0.0275
3684,0.954,0.0936,0.0224,75.127,0.0312,0.938,0.0988,-30.59,0.0665
3685,0.94,0.125,0.0962,65.604,0.0332,0.913,0.0773,-20.509,0.0414
3686,0.349,0.699,0.39,108.985,0.273,0,0.13,-16.158,0.136
3688,0.971,0.145,0.132,83.799,0.0386,0.37,0.104,-21.349,0.0473
3690,0.977,0.131,0.067,171.262,0.0687,0.931,0.0985,-20.051,0.0353
3691,0.967,0.185,0.168,152.598,0.0355,0.904,0.112,-15.851,0.0346
3695,0.433,0.223,0.301,117.241,0.0813,0.401,0.0916,-12.699,0.0405
3697,0.973,0.449,0.0821,135.02,0.164,0.914,0.162,-23.107,0.0345
3698,0.355,0.262,0.201,148.7,0.0366,0.942,0.513,-20.747,0.0351
3699,0.608,0.57,0.465,98.6,0.0359,0.879,0.111,-13.968,0.586
3700,0.874,0.114,0.0594,78.981,0.0363,0.967,0.0826,-24.757,0.0368
3705,0.805,0.156,0.106,81.46,0.0653,0.764,0.131,-22.489,0.0409
3706,0.949,0.267,0.137,196.119,0.0384,0.908,0.146,-25.298,0.0361
3707,0.0187,0.316,0.39,75.883,0.0372,0.814,0.288,-15.576,0.0357
3709,0.485,0.0847,0.468,84.982,0.032,0.823,0.0757,-11.201,0.0591
3715,0.009,0.649,0.568,112.08,0.368,0,0.0823,-8.718,0.0286
3719,0.0659,0.195,0.529,169.828,0.0481,0.861,0.111,-14.499,0.0614
3720,0.0867,0.368,0.145,78.471,0.131,0.787,0.137,-23.384,0.0325
3722,0.996,0.202,0.00407,70.433,0.0359,0.877,0.111,-34.171,0.0515
3724,0.896,0.828,0.314,140.017,0.215,0.946,0.296,-19.189,0.0836
3725,0.0171,0.267,0.326,77.041,0.126,0.00334,0.0875,-9.325,0.0337
3727,0.804,0.209,0.457,147.986,0.127,0.449,0.122,-14.241,0.0654
3729,0.645,0.0969,0.155,88.876,0.0342,0.787,0.284,-18.849,0.0423
3731,0.949,0.0754,0.00936,180.125,0.0334,0.869,0.111,-31.311,0.0504
3733,0.995,0.273,0.0274,131.617,0.0566,0.913,0.132,-22.386,0.0329
3738,0.232,0.567,0.612,160.02,0.617,0.77,0.0667,-12.96,0.0338
3742,0.11,0.489,0.016,120.04,0.0288,0.559,0.0903,-27.452,0.0458
3745,0.912,0.377,0.307,140.865,0.0638,0.524,0.128,-18.194,0.0433
3749,0.96,0.283,0.167,97.849,0.0318,0.945,0.0703,-17.763,0.0435
3754,0.779,0.276,0.149,105.597,0.0337,0.944,0.139,-19.281,0.0376
3755,0.985,0.556,0.181,122.994,0.29,0.927,0.132,-17.213,0.0475
3760,0.979,0.43,0.0283,154.396,0.112,0.781,0.264,-31.791,0.036
3764,0.938,0.479,0.143,119.088,0.22,0.913,0.112,-19.284,0.0401
3766,0.976,0.165,0.00739,129.524,0.0381,0.803,0.0814,-36.319,0.0451
3769,0.082,0.648,0.566,83.769,0.252,0.963,0.111,-7.513,0.0409
3770,0.696,0.417,0.373,75.07,0.429,9.14E-06,0.254,-9.542,0.0274
3773,0.164,0.158,0.227,108.567,0.0298,0.782,0.13,-17.569,0.0551
3779,0.326,0.284,0.569,163.414,0.47,0.471,0.201,-14.757,0.0352
3783,0.983,0.677,0.128,118.009,0.128,0.906,0.0906,-16.5,0.0918
3787,0.974,0.153,0.161,165.31,0.0385,0.612,0.138,-15.971,0.0455
3794,0.993,0.155,0.0369,67.079,0.0352,0.96,0.0683,-31.768,0.0575
3798,0.989,0.159,0.0324,132.192,0.0331,0.947,0.0926,-26.599,0.0382
3801,0.811,0.495,0.508,124.733,0.608,0,0.885,-11.571,0.434
3806,0.84,0.119,0.163,93.901,0.0327,0.836,0.112,-18.555,0.0352
3809,0.00757,0.498,0.485,120.054,0.165,0.779,0.139,-10.683,0.0314
3811,0.951,0.606,0.211,108.049,0.483,0.931,0.123,-16.469,0.0367
3812,0.423,0.0856,0.391,85.588,0.036,0.0204,0.366,-12.092,0.0363
3816,0.992,0.223,0.00481,131.054,0.369,0.931,0.0795,-34.652,0.0414
3819,0.921,0.138,0.188,85.738,0.0497,0.853,0.365,-11.695,0.0386
3822,0.926,0.197,0.212,72.649,0.0603,0.0409,0.0947,-15.072,0.0364
3826,0.488,0.769,0.721,123.057,0.857,1.09E-06,0.316,-12.076,0.109
3827,0.874,0.858,0.234,99.999,0.304,0.887,0.141,-17.504,0.0905
3830,0.955,0.431,0.0211,72.708,0.164,0.94,0.111,-27.498,0.0421
3840,0.856,0.294,0.0954,129.594,0.0343,0.843,0.106,-21.935,0.0368
3843,0.863,0.165,0.21,130.263,0.0357,0.927,0.121,-15.595,0.0444
3852,0.357,0.505,0.218,119.94,0.232,0.905,0.0971,-21.755,0.0436
3853,0.941,0.523,0.4,101.114,0.0341,0.892,0.103,-18.179,0.0472
3857,0.994,0.356,0.0153,119.724,0.0674,0.926,0.0922,-28.528,0.0482
3861,0.558,0.787,0.459,96.982,0.777,4.80E-06,0.221,-9.236,0.0492
3863,0.348,0.621,0.494,80.012,0.408,0,0.135,-6.987,0.0534
3864,0.961,0.202,0.28,179.557,0.0481,0.899,0.073,-13.394,0.0342
3865,0.98,0.163,0.0599,68.61,0.0202,0.851,0.102,-22.879,0.0516
3866,0.893,0.461,0.277,104.008,0.228,0.88,0.14,-12.171,0.0287
3869,0.461,0.244,0.44,130.022,0.136,0.84,0.311,-12.838,0.041
3870,0.959,0.319,0.151,170.666,0.231,0.913,0.111,-18.504,0.0394
3871,0.84,0.191,0.257,73.02,0.102,0.961,0.124,-12.137,0.0364
3873,0.931,0.176,0.0447,118.882,0.031,0.908,0.0717,-26.811,0.0442
3876,0.848,0.712,0.192,100.001,0.398,0.662,0.092,-21.939,0.0875
3877,0.703,0.422,0.0713,60.032,0.0374,0.00873,0.0691,-17.519,0.0338
3879,0.0404,0.488,0.398,129.933,0.275,0,0.105,-8.069,0.0282
3881,0.809,0.628,0.144,99.995,0.28,0.907,0.506,-22.308,0.0378
3882,0.944,0.376,0.217,136.682,0.0704,0.886,0.124,-14.227,0.0435
3884,0.885,0.434,0.179,75.974,0.293,0,0.13,-13.848,0.0274
3885,0.176,0.592,0.485,110.04,0.113,0.71,0.0693,-12.483,0.032
3889,0.273,0.296,0.267,104.486,0.0465,0.81,0.11,-23.285,0.0476
3892,0.712,0.455,0.285,97.669,0.364,0,0.17,-10.194,0.0376
3896,0.195,0.481,0.766,108.427,0.16,0.219,0.122,-13.786,0.0612
3897,0.847,0.094,0.161,85.665,0.0364,0.95,0.0969,-15.19,0.0338
3899,0.518,0.635,0.438,158.096,0.534,0.467,0.104,-11.848,0.0603
3903,0.942,0.445,0.233,140.807,0.114,0.917,0.176,-18.372,0.0512
3906,0.985,0.525,0.196,121.31,0.17,0.974,0.104,-17.378,0.0387
3919,0.996,0.0794,0.119,173.607,0.266,0.91,0.11,-14.667,0.0422
3920,0.962,0.251,0.0825,77.036,0.0468,0.966,0.0984,-25.144,0.0413
3924,0.479,0.696,0.337,179.833,0.854,0.572,0.0793,-8.336,0.0477
3937,0.107,0.57,0.549,127.975,0.313,0.000591,0.111,-8.499,0.0418
3938,0.769,0.194,0.218,79.945,0.0376,0.904,0.206,-15.635,0.0519
3941,0.991,0.206,0.0344,85.618,0.0396,0.742,0.0905,-19.446,0.0452
3942,0.983,0.236,0.0745,89.749,0.0372,0.799,0.148,-20.243,0.0333
3946,0.996,0.254,0.00186,68.049,0.0372,0.931,0.0842,-32.334,0.034
3947,0.964,0.353,0.0036,80.638,0.066,0.913,0.0955,-23.01,0.0427
3950,0.783,0.138,0.209,76.499,0.035,0.959,0.164,-13.072,0.0426
3951,0.933,0.476,0.0442,92.01,0.0711,0.00339,0.068,-19.589,0.0312
3954,0.809,0.53,0.16,90.489,0.294,0.425,0.0795,-17.902,0.0403
3955,0.989,0.185,0.0614,78.668,0.075,0.968,0.124,-20.384,0.0324
3958,0.991,0.347,0.0088,134.722,0.243,0.892,0.0783,-30.972,0.0466
3962,0.917,0.608,0.427,169.052,0.751,0.602,0.0757,-13.238,0.0385
3972,0.0114,0.363,0.412,83.947,0.0483,0.963,0.145,-17.532,0.0386
3981,0.863,0.509,0.301,129.922,0.217,0.886,0.106,-18.544,0.0323
3989,0.893,0.52,0.308,81.694,0.631,0.0211,0.408,-18.175,0.552
3990,0.992,0.727,0.122,112.014,0.266,0.964,0.0994,-23.847,0.0481
3995,0.0108,0.2,0.112,98.803,0.0331,0.918,0.0963,-16.529,0.0437
3998,0.918,0.171,0.0816,116.331,0.0306,0.344,0.0565,-22.721,0.0456
4002,6.06E-06,0.33,0.717,94.68,0.255,0.754,0.187,-8.007,0.0291
4004,0.549,0.0843,0.199,65.674,0.0351,0.709,0.0843,-18.186,0.0435
4005,0.682,0.158,0.269,83.335,0.05,0.477,0.077,-13.619,0.0475
4024,0.741,0.09,0.15,52.93,0.0386,0.914,0.162,-16.239,0.0413
4033,0.995,0.61,0.0109,103.83,0.111,0.97,0.0973,-22.452,0.0634
4038,0.978,0.403,0.131,113.451,0.122,0.923,0.0974,-15.45,0.034
4048,0.2,0.138,0.425,160.004,0.127,0.959,0.0838,-14.591,0.041
4054,0.327,0.64,0.705,127.954,0.475,0.965,0.137,-10.025,0.0284
4062,0.969,0.105,0.051,70.105,0.0345,0.886,0.098,-26.044,0.0474
4065,0.827,0.384,0.378,128.637,0.234,3.44E-06,0.0966,-9.119,0.0373
4068,0.000516,0.618,0.978,145.018,0.439,0.86,0.406,-6.103,0.0461
4075,0.761,0.29,0.27,109.56,0.11,0.929,0.0876,-16.111,0.0431
4082,0.975,0.627,0.123,97.626,0.169,0.958,0.0952,-20.893,0.0345
4087,0.91,0.185,0.105,136.497,0.0677,0.631,0.0814,-19.184,0.0427
4088,0.794,0.421,0.0181,111.655,0.123,0.92,0.0876,-27.407,0.0312
4089,0.281,0.533,0.686,115.04,0.663,0.825,0.111,-5.56,0.0368
4100,0.962,0.23,0.0445,90.193,0.0993,0.899,0.103,-23.303,0.0373
4104,0.189,0.0626,0.135,60.046,0.0254,0.902,0.103,-18.173,0.0392
4106,0.983,0.254,0.297,48.602,0.068,0.922,0.109,-14.11,0.0358
4109,0.903,0.182,0.286,128.496,0.0394,0.588,0.113,-13.552,0.0355
4111,0.819,0.156,0.0822,77.151,0.036,0.958,0.114,-37.748,0.0625
4124,0.595,0.464,0.342,120,0.0619,0.88,0.0741,-19.402,0.0375
4126,0.905,0.171,0.197,69.229,0.0941,0.77,0.083,-17.955,0.0334
4129,0.246,0.234,0.27,109.131,0.0999,0.0601,0.231,-12.065,0.0328
4154,0.81,0.115,0.477,88.597,0.0417,0.866,0.115,-18.715,0.0553
4162,0.0773,0.351,0.579,150.734,0.0921,0.798,0.0585,-17.865,0.395
4170,0.959,0.681,0.626,123.156,0.712,0,0.683,-7.85,0.446
4172,0.07,0.155,0.19,75.518,0.0342,0.799,0.102,-18.409,0.044
4174,0.912,0.257,0.529,114.253,0.0395,0.873,0.129,-7.09,0.037
4180,0.778,0.458,0.182,129.848,0.119,0.00012,0.106,-13.519,0.0341
4215,0.982,0.39,0.0151,67.984,0.0668,0.934,0.105,-29.977,0.0363
4217,0.883,0.345,0.302,84.618,0.14,0.862,0.34,-11.509,0.0314
4226,0.952,0.449,0.198,109.774,0.0357,0.933,0.0828,-18.615,0.0339
4239,0.291,0.427,0.463,84.98,0.0609,0.864,0.125,-15.303,0.0401
4261,0.978,0.156,0.059,80.815,0.0326,0.845,0.112,-20.298,0.0411
4267,0.952,0.265,0.148,143.864,0.0394,0.98,0.39,-19.528,0.0357
4283,0.748,0.365,0.2,130.448,0.0351,0.937,0.0728,-17.91,0.0326
4303,0.466,0.339,0.253,145.357,0.0336,0.864,0.11,-22.116,0.0455
4312,0.0524,0.765,0.793,126.901,0.561,0,0.148,-7.709,0.0806
4321,0.704,0.629,0.29,110.988,0.116,0.828,0.116,-18.34,0.0344
4327,0.526,0.306,0.0561,61.277,0.0838,0.921,0.118,-20.869,0.0371
4328,0.955,0.408,0.123,115.241,0.102,0.811,0.104,-16.291,0.0366
4331,0.491,0.396,0.434,90.005,0.134,0.886,0.118,-15.329,0.0277
4341,0.00175,0.265,0.325,101.059,0.111,0.914,0.101,-8.513,0.0337
4365,0.837,0.393,0.216,61.413,0.239,0,0.0933,-13.04,0.0383
4440,0.982,0.235,0.154,75.442,0.0694,0.659,0.106,-14.582,0.0327
4442,0.973,0.291,0.175,115.677,0.0358,0.157,0.12,-12.514,0.0414
4444,0.878,0.289,0.665,71.145,0.836,0.0127,0.0507,-10.445,0.204
4448,0.853,0.188,0.136,81.416,0.0582,0.873,0.065,-22.591,0.046
4451,0.977,0.333,0.118,122.996,0.0393,0.918,0.113,-21.052,0.045
4452,0.886,0.126,0.369,88.91,0.0379,0.904,0.112,-10.046,0.0339
4454,0.971,0.747,0.18,100.044,0.202,0.844,0.107,-16.811,0.0387
4455,0.396,0.476,0.496,125.523,0.24,0.975,0.101,-16.564,0.039
4457,0.669,0.206,0.244,66.793,0.0389,0.785,0.105,-21.397,0.0415
4458,0.952,0.0723,0.0322,68.1,0.0287,0.1,0.114,-23.665,0.0482
4462,0.828,0.212,0.211,96.868,0.268,0.871,0.112,-18.348,0.0282
4463,0.0972,0.519,0.507,126.011,0.26,0.705,0.111,-8.258,0.0321
4464,0.978,0.146,0.143,81.018,0.173,0.829,0.117,-19.2,0.0324
4465,0.277,0.272,0.416,110.148,0.253,0.882,0.0996,-7.654,0.0355
4472,0.747,0.621,0.494,121.192,0.899,0.894,0.0725,-13.152,0.0349
4473,0.117,0.167,0.0522,94.244,0.0306,0.555,0.0759,-36.045,0.0539
4475,0.733,0.448,0.51,123.047,0.0342,0.91,0.186,-11.583,0.0374
4476,0.351,0.157,0.158,133.429,0.0266,0.225,0.134,-10.284,0.044
4478,0.518,0.47,0.274,109.966,0.0378,0.859,0.0764,-18.659,0.0358
4493,0.851,0.0919,0.126,76.313,0.0349,0.721,0.0619,-19.282,0.0432
4498,0.109,0.183,0.45,171.855,0.0349,0.942,0.0659,-13.634,0.04
4499,0.96,0.563,0.0558,92.188,0.334,0.853,0.111,-15.237,0.0333
4500,0.376,0.112,0.393,92.9,0.0377,0.779,0.111,-10.326,0.0329
4502,0.258,0.169,0.264,113.302,0.0307,0.919,0.0643,-10.808,0.0423
4510,0.985,0.204,0.066,130.554,0.0325,0.885,0.0726,-24.892,0.0362
4512,0.979,0.457,0.105,120.105,0.155,0.936,0.123,-22.082,0.0394
4513,0.943,0.387,0.0596,58.654,0.146,0.0738,0.0828,-18.151,0.0312
4516,0.746,0.46,0.285,119.858,0.233,0.952,0.0658,-15.659,0.0359
4519,0.774,0.0979,0.0999,161.909,0.107,0.928,0.131,-19.328,0.0429
4520,0.993,0.438,0.44,139.918,0.148,0.85,0.593,-14.805,0.0395
4523,0.886,0.195,0.0304,73.35,0.036,0.882,0.0808,-17.163,0.0408
4524,0.815,0.526,0.257,96.324,0.406,5.62E-06,0.161,-16.898,0.136
4527,0.871,0.133,0.169,79.127,0.0756,0.591,0.0775,-15.832,0.0383
4535,0.972,0.354,0.204,149.207,0.415,0,0.235,-15.49,0.0324
4536,0.189,0.603,0.241,66.005,0.391,0.873,0.101,-19.633,0.0519
4541,0.123,0.524,0.313,124.996,0.0354,0.0575,0.0885,-12.376,0.0332
4542,0.971,0.188,0.248,107.964,0.0375,0.315,0.103,-18.305,0.0379
4543,0.992,0.263,0.0177,73.247,0.173,0.906,0.119,-32.229,0.0412
4545,0.955,0.148,0.29,88.868,0.0371,0.768,0.118,-15.859,0.0317
4551,0.91,0.437,0.287,94.224,0.231,0.991,0.201,-16.959,0.026
4552,0.623,0.123,0.462,89.896,0.263,0.948,0.267,-10.154,0.034
4555,0.948,0.192,0.0357,117.386,0.0283,0.915,0.0777,-30.787,0.0459
4557,0.789,0.233,0.124,99.978,0.0392,0.822,0.109,-24.191,0.0364
4558,0.962,0.0704,0.214,77.571,0.0469,0.948,0.104,-14.975,0.0343
4562,0.887,0.421,0.147,144.069,0.115,0.894,0.117,-26.416,0.0295
4563,0.821,0.537,0.136,89.902,0.309,0.00133,0.094,-19.948,0.0263
4564,0.936,0.214,0.174,79.486,0.0356,0.91,0.143,-15.929,0.0375
4565,0.962,0.278,0.159,67.541,0.0374,0.882,0.0869,-16.275,0.0318
4580,0.885,0.352,0.139,111.269,0.152,0.000103,0.742,-14.212,0.0348
4585,0.885,0.204,0.12,88.786,0.0384,0.916,0.0965,-18.706,0.0378
4587,0.348,0.17,0.191,91.709,0.156,0.565,0.146,-17.635,0.0317
4588,0.0754,0.657,0.602,84.923,0.713,0,0.132,-5.563,0.0891
4596,0.727,0.198,0.256,88.709,0.0439,0.905,0.108,-15.024,0.0324
4597,0.808,0.619,0.146,139.533,0.288,0,0.0971,-14.439,0.0382
4598,0.893,0.339,0.083,75.994,0.0522,0.959,0.106,-21.043,0.031
4601,0.258,0.481,0.189,84.23,0.527,0.000198,0.0828,-16.923,0.0355
4604,0.752,0.545,0.592,95.241,0.779,0,0.102,-7.034,0.0487
4607,0.965,0.262,0.0104,60.3,0.0391,0.883,0.113,-20.941,0.0405
4610,0.431,0.1,0.176,82.322,0.0373,0.804,0.116,-20.958,0.0357
4612,0.971,0.266,0.143,96.092,0.0838,0.684,0.0885,-17.798,0.0421
4615,0.971,0.517,0.00848,64.699,0.0301,0.904,0.0816,-27.577,0.0465
4621,0.0862,0.668,0.429,162.445,0.878,0.733,0.101,-14.137,0.183
4623,0.929,0.518,0.319,98.059,0.274,0.972,0.112,-15.269,0.0311
4624,0.961,0.093,0.0443,87.686,0.0361,0.984,0.122,-23.787,0.0412
4630,0.77,0.454,0.234,144.132,0.227,0.909,0.104,-13.952,0.0323
4631,0.552,0.46,0.546,95.107,0.0983,0.856,0.121,-11.501,0.0353
4636,0.967,0.538,0.0687,103.808,0.132,0.461,0.0854,-17.993,0.0371
4638,0.903,0.315,0.148,76.48,0.127,0.428,0.128,-10.662,0.0327
4639,0.832,0.328,0.251,143.441,0.12,3.18E-06,0.0755,-10.502,0.0339
4642,0.00383,0.668,0.779,109.996,0.446,0.69,0.05,-8.899,0.0465
4643,0.983,0.193,0.0522,76.552,0.0279,0.947,0.0795,-20.891,0.041
4647,0.922,0.163,0.00762,73.597,0.0351,0.959,0.0927,-39.374,0.0415
4655,0.786,0.224,0.269,135.669,0.0361,0.921,0.0607,-18.142,0.0347
4658,0.993,0.373,0.135,96.402,0.233,0.907,0.111,-32.034,0.0343
4664,0.989,0.618,0.115,98.857,0.644,0,0.0812,-12.495,0.0966
4665,0.0754,0.164,0.625,178.156,0.426,0.61,0.313,-10.475,0.037
4676,0.526,0.396,0.457,90.03,0.175,0.0119,0.222,-6.952,0.0268
4677,0.933,0.207,0.0809,67.618,0.0692,0.253,0.0806,-20.633,0.0342
4687,0.000658,0.348,0.498,149.991,0.181,0.88,0.0964,-9.47,0.028
4691,0.882,0.464,0.372,110.124,0.906,0.000126,0.291,-9.79,0.0641
4697,0.9,0.419,0.125,124.956,0.0379,0.881,0.0817,-20.927,0.0361
4707,0.66,0.429,0.373,91.607,0.365,0.856,0.32,-10.694,0.0351
4712,0.922,0.151,0.0488,66.702,0.0384,0.975,0.1,-24.278,0.0461
4716,0.512,0.521,0.253,78.603,0.0359,0.0142,0.452,-35.499,0.203
4718,0.975,0.37,0.0437,99.714,0.116,0.934,0.09,-25.928,0.0341
4727,0.721,0.237,0.145,93.434,0.0319,0.937,0.172,-29.908,0.0708
4729,0.982,0.237,0.0208,65.656,0.0411,0.965,0.11,-29.357,0.0469
4730,0.969,0.125,0.0405,147.784,0.0341,0.89,0.0767,-26.491,0.0424
4734,0.531,0.107,0.243,81.213,0.0352,0.902,0.107,-14.506,0.034
4740,0.151,0.265,0.544,169.982,0.731,0.828,0.265,-13.433,0.0978
4742,0.62,0.314,0.113,109.842,0.0361,0.00415,0.171,-17.774,0.0334
4747,0.957,0.183,0.142,82.628,0.0395,0.982,0.0657,-17.499,0.0373
4758,0.96,0.237,0.0473,82.546,0.0452,0.874,0.0733,-20.175,0.0381
4761,0.907,0.225,0.0586,73.809,0.0682,0.725,0.112,-21.609,0.0345
4771,0.918,0.173,0.0699,71.359,0.0388,0.964,0.103,-27.782,0.0332
4803,0.831,0.18,0.14,97.336,0.0382,0.926,0.0889,-17.389,0.0424
4812,0.917,0.569,0.209,120.014,0.107,0.974,0.11,-11.691,0.0317
4815,0.861,0.215,0.148,65.204,0.0349,0.946,0.107,-21.239,0.0395
4818,0.934,0.0683,0.115,76.104,0.0339,0.899,0.102,-19.85,0.0444
4833,0.549,0.442,0.338,120.102,0.0414,0.462,0.0891,-10.65,0.0315
4834,0.98,0.349,0.0205,129.117,0.126,0.709,0.0578,-30.17,0.0368
4843,0.861,0.282,0.000865,128.082,0.0387,0.991,0.0893,-38.25,0.0622
4848,0.934,0.635,0.149,113.268,0.217,0.152,0.107,-16.164,0.0367
4850,0.718,0.435,0.405,140.973,0.312,0,0.085,-13.641,0.0636
4856,0.106,0.401,0.512,123.946,0.0725,0.307,0.0834,-10.62,0.039
4858,0.787,0.132,0.0273,148.582,0.0374,0.803,0.0626,-21.365,0.0432
4879,0.403,0.439,0.163,89.097,0.492,0.000363,0.138,-17.293,0.0401
4880,0.992,0.126,0.00357,70.882,0.0392,0.914,0.0722,-30.802,0.0419
4892,0.704,0.193,0.126,67.571,0.0604,0.899,0.108,-18.499,0.04
4896,0.995,0.347,0.104,115.371,0.107,0.218,0.123,-18.423,0.0411
4911,0.745,0.614,0.713,109.119,0.815,0.122,0.0768,-5.531,0.0462
4921,0.57,0.342,0.52,131.058,0.0299,0.924,0.0943,-15.593,0.0469
4923,0.729,0.272,0.22,72.518,0.105,0.865,0.11,-18.463,0.0359
4928,0.0812,0.741,0.571,92.024,0.394,0.736,0.113,-10.392,0.0358
4940,0.387,0.355,0.119,118.688,0.0706,0.421,0.0902,-22.083,0.0354
4945,0.498,0.161,0.0828,69.411,0.0362,0.337,0.128,-29.722,0.0546
4962,0.686,0.55,0.418,147.107,0.119,0.931,0.108,-11.311,0.028
4981,0.597,0.789,0.769,105.001,0.844,0.262,0.0421,-8.139,0.222
4987,0.889,0.402,0.36,83.018,0.101,0.833,0.135,-16.426,0.038
5001,0.895,0.173,0.302,86.714,0.248,0.891,0.136,-15.718,0.0431
5002,0.973,0.332,0.0661,90.322,0.415,0.854,0.142,-22.984,0.0463
5012,0.928,0.179,0.0071,66.71,0.0328,0.749,0.104,-32.125,0.0375
5022,0.951,0.293,0.00794,120.011,0.047,0.874,0.161,-32.084,0.0434
5025,0.985,0.356,0.0308,107.259,0.0376,0.996,0.0916,-27.19,0.0379
5035,0.488,0.787,0.318,116.26,0.745,0.845,0.0511,-11.977,0.0593
5042,0.981,0.142,0.0692,93.342,0.0625,0.876,0.131,-20.659,0.0372
5049,0.0641,0.306,0.39,180.276,0.153,0.698,0.197,-15.687,0.0377
5056,0.987,0.218,0.187,174.998,0.11,0.912,0.12,-17.366,0.0412
5059,0.105,0.345,0.323,79.922,0.0384,0.318,0.109,-10.691,0.0314
5068,0.919,0.139,0.0541,92.854,0.036,0.962,0.109,-25.081,0.0343
5069,0.912,0.0761,0.149,175.116,0.036,0.685,0.0833,-21.045,0.0447
5073,0.565,0.716,0.64,105.012,0.485,0.00139,0.127,-8.726,0.025
5085,0.576,0.227,0.443,176.955,0.14,0.395,0.108,-11.096,0.033
5093,0.106,0.412,0.365,159.455,0.57,0.803,0.183,-14.101,0.148
5095,0.96,0.632,0.266,79.949,0.183,0.00304,0.114,-14.365,0.0257
5106,0.86,0.246,0.227,97.98,0.0369,0.844,0.0998,-19.275,0.0373
5108,0.843,0.132,0.189,144.673,0.0388,0.957,0.0872,-17.372,0.0354
5114,0.892,0.506,0.146,124.14,0.111,0.292,0.137,-15.222,0.0358
5119,0.957,0.168,0.0603,127.217,0.0307,0.981,0.104,-21.889,0.0444
5125,0.325,0.096,0.00164,89.395,0.0341,0.832,0.11,-33.824,0.0474
5129,0.716,0.697,0.393,102.071,0.572,0.695,0.316,-15.801,0.0433
5131,0.986,0.414,0.163,103.783,0.698,0.876,0.122,-22.142,0.0394
5136,0.133,0.475,0.51,140.028,0.252,0.97,0.1,-13.418,0.0324
5144,0.982,0.386,0.0763,139.884,0.0735,0.823,0.095,-28.196,0.0761
5148,0.811,0.314,0.132,113.662,0.0378,0.96,0.138,-18.443,0.0423
5157,0.877,0.128,0.356,82.549,0.0348,0.939,0.109,-16.511,0.0554
5161,0.7,0.484,0.58,139.641,0.943,0.947,0.49,-8.774,0.0287
5162,0.919,0.353,0.403,108.352,0.0385,0.868,0.108,-17.86,0.0424
5166,0.717,0.616,0.377,153.95,0.308,0.00727,0.131,-9.404,0.0362
5168,0.993,0.303,0.123,122.131,0.0332,0.924,0.119,-21.806,0.0555
5176,0.992,0.147,0.0359,65.965,0.0529,0.858,0.0842,-23.672,0.0385
5181,0.887,0.138,0.185,94.67,0.0376,0.983,0.162,-17.115,0.0317
5186,0.931,0.179,0.0433,82.225,0.0398,0.959,0.108,-27.003,0.036
5197,0.896,0.32,0.0897,115.792,0.0732,0.948,0.109,-24.385,0.0383
5200,0.779,0.323,0.197,136.48,0.0645,0.912,0.108,-22.261,0.0365
5227,0.038,0.559,0.458,157.116,0.6,0.625,0.0744,-10.162,0.0321
5232,0.415,0.155,0.0666,89.317,0.0545,0.637,0.264,-24.501,0.0454
5234,0.956,0.131,0.066,68.874,0.0275,0.851,0.107,-26.172,0.0489
5249,0.964,0.523,0.104,99.921,0.139,0.829,0.108,-16.115,0.0355
5254,0.885,0.372,0.0831,72.313,0.0396,0.883,0.149,-21.559,0.0399
5257,0.0158,0.684,0.945,106.008,0.552,0.00142,0.098,-4.541,0.076
5270,0.976,0.485,0.0416,113.222,0.281,1.02E-05,0.0612,-17.276,0.0426
5274,0.375,0.571,0.34,110.086,0.489,0.759,0.109,-19.199,0.0743
5278,0.675,0.179,0.294,86.218,0.498,0.000244,0.101,-14.09,0.0307
5285,0.0606,0.408,0.438,97.078,0.0664,0.834,0.129,-11.177,0.0379
5288,0.993,0.224,0.216,152.058,0.166,0.0569,0.0722,-12.266,0.0405
5290,0.97,0.227,0.0845,66.182,0.0391,0.935,0.115,-21.662,0.0352
5291,0.0398,0.117,0.21,168.284,0.0359,0.838,0.081,-20.716,0.0394
5293,0.0419,0.462,0.817,140.093,0.269,0.226,0.301,-10.346,0.0457
5307,0.00303,0.309,0.734,80.152,0.405,0.00678,0.386,-7.731,0.0506
5314,0.904,0.59,0.153,130.265,0.632,0,0.158,-22.59,0.42
5316,0.901,0.077,0.18,81.248,0.0262,0.625,0.135,-20.93,0.0435
5317,0.0923,0.14,0.0949,140.926,0.0264,0.933,0.081,-21.375,0.0419
5320,0.925,0.169,0.0673,114.381,0.0376,0.735,0.0967,-25.089,0.0449
5322,0.228,0.696,0.509,102.934,0.872,2.97E-06,0.114,-15.27,0.105
5324,0.921,0.157,0.348,79.936,0.0459,0.832,0.115,-10.506,0.0377
5333,0.81,0.271,0.027,74.667,0.0374,0.922,0.0925,-32.482,0.0466
5363,0.844,0.313,0.296,108.385,0.15,0.00663,0.463,-13.644,0.0377
5365,0.759,0.179,0.0309,101.672,0.032,0.864,0.237,-27.84,0.0414
5367,0.966,0.207,0.104,108.246,0.0358,0.953,0.0841,-20.057,0.0363
5377,0.702,0.662,0.433,124.888,0.967,0,0.146,-10.289,0.0376
5381,0.76,0.639,0.614,94.879,0.609,0.652,0.0485,-12.304,0.0657
5383,0.882,0.19,0.231,136.743,0.038,0.875,0.0841,-16.989,0.0437
5389,0.76,0.521,0.256,111.994,0.127,0.718,0.0997,-18.648,0.0398
5390,0.969,0.188,0.135,95.802,0.0693,0.897,0.106,-16.812,0.0314
5394,0.829,0.139,0.357,141.024,0.0301,0.903,0.548,-10.539,0.0317
5397,0.862,0.38,0.265,160.035,0.0389,0.892,0.111,-26.352,0.0745
5446,0.128,0.341,0.482,180.172,0.0963,0.924,0.131,-12.274,0.0507
5447,0.979,0.423,0.308,116.973,0.205,0.915,0.127,-9.417,0.0302
5450,0.669,0.181,0.197,122.698,0.0833,0.81,0.128,-17.365,0.0398
5455,0.892,0.271,0.133,77.395,0.154,0.265,0.12,-17.58,0.0345
5457,0.902,0.442,0.431,80.271,0.358,0.544,0.562,-13.74,0.0691
5459,0.358,0.575,0.359,142.28,0.507,0.933,0.179,-14.188,0.0294
5466,0.984,0.574,0.00414,168.218,0.153,0.845,0.108,-24.191,0.0354
5483,0.905,0.159,0.0907,88.066,0.0311,0.905,0.0657,-20.369,0.0403
5497,0.933,0.118,0.0349,67.564,0.0346,0.545,0.103,-21.156,0.0458
5512,0.965,0.12,0.249,81.042,0.0713,0.865,0.29,-17.565,0.0337
5518,0.0033,0.707,0.606,119.016,0.925,0.872,0.101,-8.39,0.0278
5519,0.806,0.627,0.203,120.896,0.394,0.775,0.113,-17.93,0.0439
5527,0.779,0.284,0.115,115.027,0.0372,0.915,0.0731,-24.776,0.0364
5528,0.917,0.185,0.0328,120.548,0.0355,0.912,0.122,-21.807,0.0459
5538,0.859,0.301,0.162,90.127,0.0358,0.926,0.111,-22.217,0.0366
5549,0.991,0.334,0.285,91.067,0.0385,0.934,0.142,-17.513,0.0481
5559,0.894,0.618,0.274,145.783,0.296,0.0952,0.105,-14.578,0.0505
5564,0.841,0.172,0.185,57.065,0.0292,0.91,0.11,-19.436,0.0479
5573,0.437,0.626,0.646,160.012,0.587,0.946,0.177,-10.74,0.0444
5575,0.825,0.648,0.269,139.992,0.289,0.894,0.0631,-21.541,0.0464
5583,0.129,0.117,0.0125,75.356,0.0319,0.837,0.15,-34.912,0.0364
5584,0.519,0.33,0.511,194.929,0.0355,0.868,0.229,-17.669,0.0389
5585,0.609,0.3,0.394,78.32,0.221,0.915,0.121,-19.603,0.031
5588,0.955,0.0742,0.0148,176.431,0.0245,0.887,0.0823,-31.235,0.0471
5589,0.165,0.762,0.791,90.026,0.854,1.26E-05,0.0528,-3.677,0.0844
5590,0.974,0.198,0.245,109.053,0.0469,0.901,0.0837,-15.806,0.039
5593,0.937,0.154,0.12,72.77,0.036,0.89,0.094,-20.034,0.0369
5597,0.948,0.161,0.276,129.929,0.0305,0.232,0.1,-7.243,0.041
5611,0.826,0.204,0.141,97.295,0.0453,0.0715,0.113,-20.064,0.0424
5613,0.989,0.152,0.0728,104.635,0.0337,0.924,0.113,-19.748,0.0431
5614,0.0382,0.412,0.342,75.72,0.182,0.384,0.169,-13.309,0.0263
5618,0.765,0.668,0.411,110.895,0.386,0.000174,0.122,-10.421,0.0311
5621,0.971,0.192,0.092,57.68,0.0382,0.935,0.0978,-22.95,0.0418
5654,0.959,0.253,0.0673,72.849,0.251,0.000507,0.0762,-17.644,0.0365
5705,0.991,0.124,0.0383,95.704,0.0398,0.929,0.117,-23.564,0.0353
5712,0.756,0.448,0.431,97.608,0.58,1.49E-05,0.134,-9.686,0.0259
5715,0.868,0.455,0.36,123.118,0.0898,0.884,0.109,-13.207,0.0673
5718,0.897,0.277,0.0594,104.66,0.0416,0.933,0.116,-20.779,0.032
5719,0.701,0.0955,0.117,80.97,0.0376,0.871,0.106,-14.423,0.0392
5724,0.949,0.117,0.322,181.432,0.0384,0.887,0.124,-21.631,0.0615
5726,0.941,0.207,0.222,131.988,0.0371,0.91,0.137,-22.927,0.0446
5747,0.409,0.43,0.711,74.393,0.72,0.000993,0.123,-9.606,0.0864
5752,0.774,0.182,0.0225,84.061,0.0315,0.821,0.105,-33.396,0.0424
5759,0.975,0.37,0.137,110,0.51,0.9,0.105,-22.558,0.0402
5768,0.607,0.548,0.233,147.991,0.127,0.89,0.0896,-16.391,0.0332
5770,0.698,0.43,0.295,74.014,0.159,0.569,0.226,-14.255,0.0283
5776,0.0207,0.615,0.892,157.866,0.525,0.000966,0.182,-5.112,0.0467
5795,0.46,0.0848,0.36,53.53,0.0339,0.959,0.291,-14.251,0.0366
5796,0.596,0.129,0.288,94.442,0.311,0.956,0.349,-18.268,0.0352
5799,0.992,0.208,0.00355,67.3,0.0383,0.868,0.145,-17.058,0.0433
5800,0.855,0.58,0.378,107.659,0.43,0.952,0.671,-11.234,0.0353
5806,0.948,0.295,0.26,109.997,0.0705,0.922,0.12,-16.899,0.0372
5813,0.00387,0.747,0.566,113.903,0.775,0.76,0.247,-18.77,0.0462
5829,0.0712,0.792,0.501,139.962,0.152,0.000133,0.106,-5.506,0.157
5838,0.104,0.368,0.498,97.58,0.0395,0.814,0.0931,-18.233,0.0444
5845,0.978,0.286,0.0832,134.74,0.131,0.786,0.124,-26.059,0.0408
5856,0.946,0.185,0.204,119.042,0.0302,0.697,0.0954,-17.37,0.049
5862,0.678,0.349,0.0501,115.362,0.116,0.324,0.118,-22.064,0.0417
5877,0.678,0.656,0.355,120.008,0.169,0.924,0.0933,-16.402,0.0315
5878,0.362,0.405,0.527,163.583,0.609,0.00582,0.157,-11.412,0.0372
5890,0.725,0.0861,0.0813,86.087,0.12,0.896,0.107,-18.479,0.0379
5903,0.635,0.47,0.376,143.055,0.159,0.863,0.147,-16.063,0.0411
5918,0.0795,0.452,0.523,77.065,0.0925,0.936,0.309,-10.978,0.0342
5920,0.237,0.476,0.788,90.066,0.746,2.49E-05,0.106,-4.821,0.0446
5924,0.935,0.152,0.0282,137.784,0.0395,0.952,0.115,-37.711,0.0486
5929,0.882,0.625,0.0955,86.854,0.373,0,0.114,-14.919,0.503
5934,0.152,0.165,0.535,70.868,0.0372,0.832,0.0872,-9.662,0.0533
5940,0.941,0.238,0.251,72.035,0.0483,0.951,0.094,-12.014,0.0346
5948,0.996,0.155,0.0577,66.682,0.24,0.906,0.147,-27.588,0.0409
5958,0.588,0.512,0.446,155.827,0.112,0.806,0.111,-26.279,0.0692
5962,0.96,0.21,0.161,65.432,0.0643,0.538,0.115,-20.298,0.0344
5970,0.526,0.138,0.0926,76.03,0.0301,0.937,0.0695,-18.671,0.045
5979,0.983,0.343,0.193,132.075,0.395,0.932,0.159,-17.346,0.035
5982,0.988,0.389,0.085,68.089,0.0712,0.925,0.117,-23.622,0.0533
5984,0.994,0.33,0.00528,44.52,0.0924,0.906,0.0784,-30.653,0.0489
5992,0.421,0.0746,0.228,176.57,0.034,0.972,0.116,-16.429,0.0395
5997,0.566,0.141,0.298,81.163,0.0444,0.921,0.612,-12.337,0.031
6012,0.588,0.25,0.224,201.863,0.0515,0.973,0.0969,-18.822,0.0351
6015,0.898,0.356,0.26,207.785,0.0381,0.719,0.0798,-15.021,0.0289
6027,0.923,0.658,0.131,131.151,0.155,0.903,0.145,-14.953,0.0393
6028,0.604,0.327,0.197,83.542,0.146,0.965,0.0659,-16.697,0.0477
6032,0.437,0.176,0.0187,67.084,0.0383,0.0515,0.058,-23.106,0.0358
6046,0.916,0.337,0.197,141.992,0.0342,0.954,0.119,-25.094,0.0405
6050,0.124,0.442,0.122,96.144,0.034,0.869,0.111,-22.016,0.038
6061,0.947,0.734,0.132,87.938,0.332,0.922,0.105,-13.509,0.0403
6073,0.115,0.706,0.723,140.164,0.745,4.25E-05,0.2,-7.92,0.391
6081,0.907,0.516,0.198,118.385,0.17,0.907,0.113,-14.158,0.0328
6122,0.527,0.593,0.576,169.973,0.83,0.0146,0.101,-11.164,0.0307
6135,0.305,0.157,0.222,84.211,0.03,0.79,0.0887,-15.836,0.0402
6137,0.572,0.169,0.201,111.384,0.0351,0.875,0.0857,-15.86,0.0421
6139,0.941,0.407,0.285,64.979,0.187,0.322,0.191,-15.465,0.108
6140,0.00104,0.617,0.828,125.982,0.0349,0.806,0.0863,-8.533,0.0525
6147,0.815,0.288,0.111,138.839,0.101,0.908,0.0812,-20.632,0.0362
6157,0.116,0.687,0.515,128.013,0.334,0.64,0.431,-9.823,0.0404
6160,0.324,0.201,0.481,118.191,0.154,0.924,0.139,-15.628,0.0534
6165,0.425,0.188,0.319,126.772,0.139,0.771,0.122,-10.531,0.0382
6190,0.569,0.637,0.384,88.005,0.265,0.872,0.0927,-14.987,0.0394
6192,0.926,0.364,0.0883,82.187,0.0547,0.00173,0.114,-16.755,0.0322
6195,0.921,0.067,0.0604,74.052,0.0334,0.873,0.238,-22.083,0.0498
6200,0.969,0.652,0.0986,79.09,0.399,0.815,0.124,-18.414,0.0568
6201,0.0616,0.795,0.703,107.986,0.319,3.30E-06,0.101,-10.282,0.401
6202,0.736,0.424,0.421,66.803,0.389,0,0.0848,-16.814,0.505
6205,0.932,0.0669,0.0299,70.698,0.0379,0.945,0.109,-32.423,0.0417
6215,0.855,0.166,0.282,90.99,0.0392,0.889,0.127,-13.739,0.0345
6246,0.421,0.282,0.107,139.966,0.0416,0.887,0.109,-33.849,0.0362
6260,0.974,0.248,0.102,82.186,0.258,0.932,0.138,-15.631,0.0331
6262,0.849,0.208,0.0139,76.292,0.0327,0.918,0.119,-33.061,0.0439
6280,0.541,0.306,0.517,114.516,0.721,0.933,0.274,-10.693,0.0384
6313,0.986,0.163,0.0502,76.407,0.0587,0.723,0.114,-20.62,0.038
6337,0.0224,0.345,0.559,114.176,0.324,0.000382,0.108,-7.132,0.042
6348,0.0557,0.285,0.464,126.068,0.0325,0.771,0.114,-12.822,0.0387
6351,0.85,0.266,0.129,99.483,0.0468,0.909,0.152,-17.862,0.0355
6360,0.478,0.386,0.412,75.266,0.469,2.00E-05,0.0746,-7.358,0.0406
6376,0.459,0.687,0.158,113.421,0.0665,0.861,0.0758,-22.335,0.0455
6381,0.17,0.347,0.674,133.899,0.306,0.871,0.448,-5.093,0.0582
6393,0.175,0.719,0.678,125.886,0.679,0.604,0.15,-4.957,0.083
6398,0.898,0.284,0.334,38.215,0.0592,0.949,0.115,-15.077,0.0432
6400,0.839,0.151,0.114,137.507,0.0385,0.893,0.095,-17.122,0.035
6415,0.974,0.692,0.234,120.01,0.452,0.945,0.0888,-22.104,0.0373
6420,0.0698,0.657,0.533,139.962,0.154,0.762,0.0987,-10.086,0.037
6436,0.991,0.17,0.00354,78.46,0.0526,0.895,0.115,-30.93,0.0494
6439,0.982,0.802,0.257,123.821,0.462,0.913,0.0828,-17.516,0.0462
6448,0.783,0.173,0.1,117.336,0.0222,0.917,0.107,-25.698,0.0434
6460,0.971,0.15,0.129,68.782,0.0376,0.904,0.133,-19.442,0.0389
6463,0.89,0.127,0.00239,72.607,0.0823,0.891,0.0672,-43.195,0.0474
6466,0.977,0.673,0.367,82.573,0.57,7.45E-05,0.0831,-9.656,0.0349
6482,0.853,0.0996,0.0925,199.034,0.0735,0.954,0.112,-20.425,0.0391
6491,0.802,0.27,0.456,78.857,0.0771,0.905,0.149,-10.754,0.0334
6494,0.577,0.491,0.133,115.941,0.222,0.827,0.102,-19.679,0.0359
6498,0.0694,0.682,0.885,130.034,0.851,1.05E-06,0.16,-4.228,0.0406
6499,0.778,0.0852,0.055,85.191,0.0349,0.853,0.0931,-21.489,0.044
6524,0.808,0.2,0.241,166.31,0.0331,0.892,0.104,-25.166,0.332
6525,0.678,0.58,0.414,136.93,0.27,2.26E-05,0.257,-10.928,0.0343
6529,0.78,0.168,0.203,132.513,0.137,0.416,0.0986,-15.901,0.0377
6560,0.977,0.482,0.0101,95.733,0.0904,0.963,0.0718,-26.698,0.0469
6579,0.0292,0.499,0.533,85.949,0.213,0.882,0.0942,-14.27,0.0565
6589,0.984,0.159,0.0358,72.668,0.0391,0.88,0.102,-26.837,0.0435
6598,0.957,0.0745,0.223,78.935,0.0372,0.792,0.0481,-11.975,0.043
6601,0.0882,0.18,0.328,88.592,0.0445,0.906,0.16,-14.955,0.0381
6605,0.844,0.427,0.0693,130.16,0.146,0.924,0.601,-28.259,0.0374
6614,0.745,0.27,0.0728,108.54,0.0309,0.691,0.111,-19.39,0.0289
6617,0.578,0.162,0.328,134.933,0.0628,0.916,0.114,-14.409,0.0361
6676,0.933,0.173,0.172,120.717,0.0385,0.867,0.569,-15.805,0.0379
6687,0.581,0.262,0.297,125.12,0.274,0.817,0.216,-13.231,0.0338
6701,0.959,0.341,0.274,149.634,0.094,0.839,0.146,-15.881,0.0321
6726,0.0824,0.469,0.838,113.188,0.382,0,0.312,-4.162,0.213
6727,0.0225,0.462,0.867,138.017,0.0657,0.975,0.129,-8.369,0.0408
6731,0.979,0.424,0.112,100.074,0.0454,0.875,0.0849,-22.971,0.0335
6752,0.875,0.192,0.452,170.238,0.251,0.945,0.0947,-17.513,0.0433
6754,0.948,0.196,0.00903,69.379,0.035,0.864,0.339,-30.077,0.0424
6763,0.56,0.522,0.226,119.902,0.0708,0.0857,0.0829,-16.274,0.0318
6772,0.679,0.401,0.485,77.837,0.372,0,0.148,-6.172,0.0303
6774,0.296,0.435,0.799,134.971,0.404,0.808,0.159,-9.684,0.0643
6785,0.69,0.537,0.139,127.31,0.177,0.024,0.0973,-17.197,0.036
6786,0.85,0.136,0.22,87.532,0.0318,0.961,0.13,-21.747,0.0431
6798,0.769,0.568,0.156,129.985,0.161,0.454,0.134,-15.782,0.037
6812,0.771,0.0839,0.364,170.717,0.0281,0.928,0.111,-15.498,0.0478
6850,0.265,0.448,0.656,121.923,0.114,0.971,0.13,-8.116,0.0403
6859,0.313,0.525,0.769,120.009,0.0755,0.842,0.155,-11.959,0.0465
6867,0.985,0.355,0.0168,103.942,0.0361,0.894,0.0658,-32.736,0.0409
6871,0.944,0.319,0.127,131.394,0.0389,2.16E-05,0.104,-15.803,0.0358
6881,0.91,0.2,0.304,180.039,0.0756,0.965,0.0885,-14.616,0.0352
6887,0.568,0.436,0.723,95.459,0.664,0.902,0.31,-7.62,0.0295
6893,0.97,0.181,0.143,109.423,0.0472,0.939,0.103,-17.014,0.0344
6990,0.901,0.453,0.0952,120.043,0.0705,0.949,0.0768,-25.04,0.0382
6991,0.11,0.799,0.784,96.953,0.26,2.84E-06,0.227,-5.207,0.0519
6992,0.965,0.0965,0.174,71.997,0.134,0.945,0.127,-21.597,0.0383
6994,0.00898,0.656,0.925,100.032,0.0793,0.0101,0.108,-8.13,0.093
7016,0.789,0.15,0.515,83.566,0.409,0.87,0.12,-13.38,0.046
7021,0.305,0.508,0.455,185.731,0.667,0.00374,0.0866,-11.786,0.0755
7027,0.00182,0.355,0.681,120.007,0.0373,0.876,0.0948,-9.263,0.0478
7041,0.727,0.104,0.451,81.443,0.336,0.909,0.182,-10.768,0.0342
7044,0.413,0.0602,0.00939,68.546,0.0453,0.905,0.103,-27.371,0.0399
7057,0.963,0.101,0.0915,70.743,0.0361,0.941,0.101,-22.449,0.0521
7058,0.842,0.687,0.108,139.985,0.0987,0.872,0.115,-20.087,0.0379
7070,0,0,0,0,0,0,0,0,0
7072,0.0651,0.567,0.611,136.607,0.59,0.000368,0.111,-10.469,0.029
7080,0.937,0.149,0.343,103.345,0.144,0.967,0.157,-10.654,0.0319
7092,0.927,0.277,0.269,137.965,0.0394,0.883,0.1,-23.502,0.0367
7109,0.92,0.254,0.329,143.325,0.0331,0.67,0.0804,-15.202,0.046
7113,0.0012,0.473,0.509,120.006,0.0396,0.897,0.154,-10.668,0.0322
7115,0.0162,0.168,0.41,113.014,0.0382,0.743,0.0599,-11.553,0.0365
7119,0.48,0.168,0.0383,92.746,0.0342,0.856,0.107,-23.447,0.0382
7137,0.969,0.153,0.0202,73.16,0.0409,0.972,0.313,-27.911,0.0426
7150,0.106,0.417,0.626,112.81,0.0357,0.728,0.121,-9.381,0.036
7154,0.984,0.347,0.0691,136.958,0.0473,0.903,0.12,-19.084,0.0337
7160,0.746,0.602,0.0118,144.389,0,0.919,0.11,-20.567,0.411
7164,0.995,0.525,0.027,78.005,0.565,0.927,0.11,-18.696,0.314
7166,0.00236,0.321,0.603,160.037,0.118,0.914,0.11,-11.346,0.0418
7173,0.763,0.124,0.154,57.494,0.123,0.885,0.0776,-17.471,0.0412
7177,0.583,0.622,0.673,140.923,0.923,0.0218,0.23,-13.196,0.0394
7198,0.041,0.613,0.857,128.304,0.78,0.601,0.214,-6.586,0.0655
7206,0.825,0.698,0.428,89.986,0.716,0.755,0.127,-15.157,0.0413
7210,0.944,0.421,0.173,146.068,0.0839,0.189,0.12,-15.086,0.0301
7212,0.989,0.211,0.0939,167.457,0.038,0.879,0.0803,-16.517,0.0368
7241,0.19,0.76,0.786,147.949,0.925,0,0.0974,-3.776,0.0464
7248,0.996,0.228,0.00386,69.838,0.302,0.809,0.126,-30.756,0.0486
7260,0.601,0.0789,0.113,81.709,0.0339,0.898,0.112,-20.164,0.0491
7266,0.714,0.272,0.425,82.299,0.488,0.879,0.109,-10.76,0.0375
7272,0.643,0.153,0.428,84.071,0.0698,0.8,0.0976,-12.74,0.0369
7273,1.37E-05,0.128,0.0962,145.952,0.0217,0.897,0.247,-18.288,0.0378
7277,0.964,0.0809,0.039,72.15,0.0357,0.908,0.0941,-25.074,0.0406
7279,0.285,0.518,0.469,178.281,0.564,0.964,0.101,-14.3,0.0517
7283,0.951,0.207,0.0113,80.23,0.0614,0.000373,0.15,-37.663,0.0434
7286,0.644,0.11,0.0888,85.214,0.0385,0.575,0.102,-21.733,0.0371
7312,0.983,0.284,0.0124,58.863,0.0456,0.901,0.156,-29.088,0.0347
7376,0.852,0.186,0.215,94.966,0.174,0.857,0.128,-15.424,0.0343
7386,0.533,0.56,0.435,129.993,0.59,0.00741,0.145,-15.527,0.0377
7390,0.696,0.168,0.398,174.453,0.186,0.749,0.182,-13.426,0.0384
7395,0.228,0.769,0.835,143.985,0.939,0.00321,0.163,-5.081,0.043
7401,0.992,0.168,0.00537,79.931,0.054,0.977,0.0926,-33.797,0.0376
7405,0.975,0.216,0.0233,111.279,0.208,0.0285,0.275,-24.216,0.0431
7442,0.979,0.0651,0.0121,72.989,0.0352,0.94,0.109,-25.931,0.0448
7458,0.0427,0.279,0.318,102.278,0.481,0.124,0.0788,-11.312,0.0314
7480,0.956,0.128,0.0114,73.485,0.076,0.906,0.106,-17.724,0.0423
7490,0.987,0.104,0.0821,164.144,0.0389,0.83,0.171,-24.35,0.0444
7507,0.0324,0.69,0.411,124.772,0.288,0.866,0.119,-9.217,0.0612
7516,0.498,0.433,0.422,132.381,0.241,0.91,0.109,-16.875,0.0367
7522,0.0537,0.605,0.471,64.957,0.346,0.642,0.19,-11.194,0.0353
7583,0.4,0.468,0.386,140.437,0.0387,0.827,0.144,-15.414,0.0944
7585,0.99,0.282,0.0469,179.482,0.0389,0.909,0.057,-30.683,0.0544
7649,0.922,0.264,0.141,111.473,0.0326,0.848,0.101,-23.812,0.0447
7651,0.988,0.641,0.133,120.033,0.381,0.558,0.102,-17.865,0.0366
7657,0.115,0.579,0.483,175.264,0.64,0.0013,0.217,-11.542,0.0546
7664,0.945,0.167,0.274,59.148,0.184,0,0.435,-13.74,0.0318
7674,0.81,0.427,0.263,110.056,0.0597,0.882,0.176,-21.625,0.0304
7690,0.953,0.171,0.139,114.137,0.0397,0.895,0.0726,-20.18,0.0376
7700,0.199,0.462,0.905,172.363,0.502,0,0.132,-3.279,0.509
7722,0.939,0.124,0.0712,154.206,0.0407,0.789,0.0801,-24.035,0.0418
7725,0.123,0.284,0.397,174.457,0.0923,0.855,0.0994,-11.344,0.0354
7748,0.0589,0.22,0.563,128.572,0.0649,0.886,0.109,-10.738,0.0399
7759,0.995,0.21,0.071,72.113,0.0291,0.963,0.0712,-28.847,0.0775
7766,0.295,0.303,0.409,121.102,0.0334,0.935,0.207,-11.451,0.0366
7770,0.887,0.404,0.243,98.589,0.24,0.0175,0.0788,-12.594,0.0284
7807,0.727,0.121,0.00588,174.897,0.0287,0.902,0.111,-23.115,0.051
7819,0.0514,0.692,0.607,117,0.239,0.946,0.0674,-9.094,0.055
7846,0.426,0.523,0.561,139.885,0.31,0,0.109,-6.474,0.0329
7849,0.699,0.416,0.172,102.575,0.0394,0.946,0.0574,-20.443,0.033
7853,0.857,0.232,0.0648,99.933,0.0292,0.131,0.104,-33.95,0.0528
7855,0.0245,0.664,0.706,102.999,0.238,0.925,0.0902,-8.117,0.0293
7863,0.68,0.152,0.207,78.571,0.0521,0.864,0.148,-13.513,0.0376
7866,0.95,0.502,0.22,129.296,0.224,0.639,0.0982,-10.934,0.0291
7867,0.907,0.157,0.402,93.333,0.119,0.89,0.326,-9.735,0.0349
7874,0.933,0.3,0.154,66.697,0.0252,0.979,0.0719,-19.107,0.0535
7894,0.989,0.169,0.00752,66.459,0.127,0.927,0.102,-27.787,0.0399
7905,0.857,0.196,0.00103,103.769,0.0256,0.993,0.0897,-25.868,0.0527
7908,0.00421,0.551,0.787,139.39,0.718,0,0.375,-6.473,0.259
7909,0.573,0.734,0.424,108.954,0.566,0,0.0814,-11.181,0.0312
7915,0.407,0.717,0.335,118.014,0.108,0.937,0.11,-19.212,0.049
7925,0.953,0.278,0.0729,125.2,0.0364,0.351,0.0745,-21.962,0.0456
7926,0.0785,0.284,0.3,140.199,0.0634,0.914,0.105,-13.092,0.0435
7927,0.247,0.742,0.905,95.011,0.586,0,0.0805,-3.82,0.167
7935,0.525,0.436,0.587,182.068,0.287,0.911,0.0606,-11.22,0.045
7986,0.343,0.203,0.211,141.264,0.0397,0.914,0.0888,-17.221,0.0475
8012,0.871,0.119,0.019,168.889,0.038,0.948,0.0624,-35.845,0.0372
8017,0.00677,0.169,0.37,65.96,0.0363,0.821,0.104,-12.397,0.0315
8032,0.0468,0.119,0.123,91.873,0.114,0.839,0.259,-24.583,0.0347
8054,0.281,0.402,0.277,180.062,0.0363,0.789,0.115,-23.808,0.0366
8058,0.879,0.292,0.193,140.552,0.0377,0.877,0.111,-16.024,0.0366
8060,0.775,0.243,0.0867,113.37,0.242,0.925,0.108,-29.705,0.0469
8095,0.00273,0.632,0.572,92.006,0.618,0.864,0.0583,-12.387,0.0497
8102,0.0192,0.646,0.575,131.94,0.481,0.837,0.101,-7.179,0.0673
8120,0.941,0.249,0.0421,71.852,0.0904,0.921,0.134,-27.146,0.0435
8121,0.893,0.331,0.207,92.557,0.0742,0.573,0.108,-18.741,0.0434
8161,0.0267,0.474,0.727,116.394,0.263,0.868,0.0768,-10.14,0.0481
8181,0.698,0.692,0.392,82.535,0.746,1.44E-05,0.101,-15.106,0.167
8261,0.676,0.147,0.159,137.716,0.0377,0.684,0.0754,-18.381,0.0387
8263,0.969,0.103,0.0684,186.324,0.0343,0.665,0.161,-18.706,0.0531
8303,0.952,0.338,0.0655,167.971,0.0376,0.877,0.106,-27.745,0.0747
8309,0.417,0.16,0.0784,67.456,0.033,0.689,0.109,-24.358,0.0406
8333,0.0203,0.429,0.41,160.729,0.152,0.771,0.264,-15.399,0.108
8352,0.993,0.135,0.0051,92.171,0.0378,0.902,0.0808,-32.836,0.0421
8364,0.87,0.094,0.165,52.377,0.0396,0.771,0.0946,-15.417,0.0382
8377,0.996,0.155,0.0352,84.742,0.102,0.884,0.115,-29.665,0.036
8402,0.376,0.572,0.761,100.999,0.923,0.000159,0.493,-11.568,0.0352
8417,0.948,0.236,0.0627,76.073,0.0395,0.96,0.0956,-23.854,0.0369
8430,0.9,0.549,0.116,109.379,0.0431,0.93,0.083,-20.218,0.0712
8442,0.019,0.901,0.75,90,0.42,6.58E-05,0.0528,-4.147,0.201
8478,0.201,0.665,0.395,110.912,0.632,0,0.261,-15.283,0.0264
8498,0.42,0.261,0.437,84.839,0.0275,0.956,0.393,-16.788,0.0824
8512,0.994,0.309,0.00801,133.619,0.282,0.74,0.0917,-26.677,0.0457
8517,0.684,0.69,0.178,77.018,0.301,0,0.0936,-15.202,0.103
8559,0.523,0.461,0.609,128.95,0.511,0.00173,0.102,-9.33,0.063
8567,0.989,0.49,0.0564,65.464,0.188,0.931,0.114,-20.006,0.0809
8573,0.851,0.269,0.4,103.113,0.0815,0.00661,0.112,-10.698,0.0297
8578,0.00328,0.543,0.456,77.96,0.381,0.000407,0.112,-7.963,0.0251
8587,0.0761,0.681,0.649,132.904,0.902,0.826,0.0821,-12.684,0.0507
8597,0.596,0.545,0.347,116.764,0.407,0,0.129,-13.567,0.0486
8603,0.975,0.145,0.144,176.535,0.152,0.0167,0.0912,-18.426,0.0474
8639,0.758,0.36,0.972,140.17,0.22,0.686,0.0776,-7.644,0.137
8657,0.158,0.686,0.689,120.031,0.446,0,0.0422,-4.73,0.0379
8661,0.871,0.202,0.173,91.407,0.174,0.0766,0.102,-18.632,0.0338
8703,0.469,0.374,0.18,118.145,0.176,0.703,0.108,-18.373,0.0349
8729,0.855,0.215,0.0475,70.515,0.15,0.946,0.125,-22.803,0.0372
8743,0.5,0.567,0.485,127.603,0.421,0,0.0802,-8.243,0.0602
8751,0.704,0.339,0.174,135.07,0.0348,0.979,0.129,-20.171,0.041
8902,0.378,0.574,0.399,73,0.274,0.195,0.12,-11.527,0.0259
8975,0.603,0.283,0.251,71.34,0.0309,0.896,0.0796,-22.538,0.127
8980,0.933,0.287,0.191,110.013,0.0856,0.749,0.109,-16.834,0.0323
9006,0.972,0.183,0.0139,63.833,0.0342,0.877,0.0734,-28.923,0.0393
9012,0.141,0.426,0.388,99.827,0.0366,0.111,0.0992,-16.363,0.0343
9038,0.952,0.23,0.0164,87.217,0.0372,0.879,0.0675,-25.765,0.0372
9056,0.00715,0.486,0.758,86.975,0.535,7.75E-06,0.429,-8.862,0.0351
9074,0.132,0.302,0.804,123.263,0.185,0.0311,0.0879,-9.274,0.0601
9107,0.867,0.14,0.108,90.714,0.047,0.882,0.186,-24.28,0.036
9149,0.93,0.103,0.1,72.718,0.0343,0.722,0.102,-16.136,0.0473
9162,0.831,0.668,0.519,151.966,0.499,0,0.255,-5.546,0.0331
9182,0.367,0.608,0.616,99.987,0.0384,0.914,0.113,-13.386,0.0426
9187,0.379,0.536,0.69,91.014,0.445,0.891,0.119,-11.682,0.0328
9203,0.971,0.281,0.346,97.087,0.148,0.886,0.195,-9.278,0.0311
9216,0.56,0.19,0.414,78.505,0.0989,0.953,0.105,-8.224,0.0336
9217,0.405,0.195,0.168,102.54,0.0271,0.972,0.0865,-22.176,0.0377
9218,0.912,0.227,0.264,65.456,0.0332,0.985,0.0394,-17.987,0.0445
9237,0.000483,0.395,0.926,140.127,0.192,0.905,0.179,-4.872,0.0823
9252,0.00855,0.204,0.421,118.723,0.0793,0.00542,0.11,-12.989,0.102
9333,0.954,0.251,0.178,88.096,0.171,1.85E-06,0.121,-9.967,0.0307
9343,0.587,0.295,0.236,90.136,0.0853,0.931,0.0986,-27.708,0.0384
9363,0.783,0.542,0.314,145.052,0.336,0.813,0.0954,-16.197,0.0369
9385,0.902,0.346,0.233,93.309,0.205,0.861,0.445,-16.874,0.0314
9427,0.378,0.205,0.203,84.409,0.0974,0.909,0.0975,-13.244,0.0317
9434,0.463,0.612,0.547,125.21,0.509,0.815,0.137,-17.15,0.0421
9482,0.916,0.176,0.136,76.371,0.0367,0.791,0.107,-18.534,0.0417
9535,0.00892,0.0766,0.235,176.092,0.058,0.000852,0.153,-17.258,0.106
9559,0.984,0.351,0.0958,143.936,0.185,0.754,0.0606,-31.555,0.0418
9587,0.313,0.637,0.494,112.001,0.0352,0.938,0.0979,-13.747,0.0417
9622,0.579,0.321,0.376,191.274,0.253,7.44E-06,0.119,-6.21,0.0382
9651,0.98,0.0762,0.12,65.721,0.0376,0.947,0.0822,-18.857,0.0411
9702,0.92,0.0831,0.0336,70.619,0.0347,0.891,0.145,-27.765,0.0526
9715,0.00714,0.756,0.846,136.025,0.781,0.000344,0.1,-5.697,0.0618
9724,0.946,0.39,0.345,169.813,0.269,0.839,0.113,-18.81,0.042
9765,0.0057,0.551,0.651,117.036,0.0862,0.602,0.0933,-13.611,0.0563
9782,0.3,0.25,0.233,57.982,0.1,0.305,0.0707,-13.996,0.0308
9806,0.371,0.424,0.566,94.432,0.444,0.00156,0.293,-9.462,0.0484
9843,0.898,0.199,0.133,49.952,0.0398,0.769,0.111,-19.492,0.0322
9883,0.863,0.0719,0.115,72.411,0.0369,0.899,0.112,-27.204,0.0392
9889,0.0734,0.715,0.592,135.064,0.947,1.06E-06,0.481,-12.689,0.031
9943,0.973,0.204,0.02,141.808,0.163,0.963,0.0836,-33.443,0.0383
9963,0.443,0.559,0.213,125.698,0.164,0.921,0.143,-18.356,0.0349
9966,0.913,0.476,0.281,123.28,0.11,0.92,0.111,-13.58,0.0397
9978,0.848,0.167,0.143,82.424,0.0514,0.959,0.0971,-20.709,0.0399
9990,0.42,0.506,0.601,160.022,0.0382,0.865,0.0547,-9.022,0.0435
10095,0.6,0.642,0.669,104.189,0.54,0.000212,0.0894,-7.196,0.0277
10106,0.0317,0.534,0.676,151.965,0.595,4.67E-06,0.0535,-8.62,0.0425
10217,0.0981,0.701,0.715,102.994,0.56,0.823,0.106,-6.298,0.0387
10229,0.0713,0.24,0.09,109.577,0,0.981,0.106,-20.413,0.0429
10293,0.367,0.574,0.56,93.024,0.164,0.702,0.168,-10.535,0.0527
10326,0.745,0.487,0.149,127.833,0.283,0.00212,0.119,-17.562,0.0357
10348,0.000128,0.515,0.399,105,0.119,0.969,0.11,-7.901,0.0337
10390,0.0043,0.516,0.906,134.998,0.7,0.919,0.114,-11.219,0.0548
10434,0.883,0.129,0.169,76.773,0.0662,0.914,0.238,-16.064,0.0352
10437,0.891,0.655,0.225,99.906,0.163,0.933,0.0979,-14.577,0.0381
10459,0.0413,0.683,0.562,139.979,0.448,0.761,0.1,-13.497,0.074
10461,0.727,0.598,0.464,119.98,0.361,0.783,0.0571,-15.622,0.0342
10498,0.853,0.199,0.0282,112.166,0.0382,0.332,0.115,-20.959,0.0443
10520,0.961,0.565,0.177,77.317,0.0558,0.801,0.119,-20.044,0.0753
10528,0.87,0.417,0.135,139.437,0.33,0.732,0.0756,-24.355,0.0361
10581,0.132,0.571,0.653,123.629,0.575,0.733,0.369,-10.512,0.0308
10605,0.935,0.124,0.128,72.175,0.0317,0.936,0.0727,-22.256,0.0425
10667,0.448,0.147,0.202,73.943,0.0356,0.922,0.138,-16.403,0.0567
10669,0.948,0.218,0.0953,168.632,0.129,0.969,0.0817,-19.662,0.0368
10700,0.978,0.234,0.0554,131.596,0.0395,0.892,0.0653,-20.309,0.0379
10749,0.711,0.203,0.257,87.618,0.122,0.923,0.164,-13.891,0.0307
10752,0.758,0.633,0.545,110.095,0.362,0,0.68,-11.396,0.883
10765,0.715,0.527,0.509,140.023,0.322,0,0.109,-6.422,0.0272
10879,0.252,0.474,0.44,94.78,0.29,0.0698,0.294,-11.972,0.0367
10899,0.678,0.59,0.128,102.012,0.253,0.912,0.218,-22.887,0.0284
10905,0.864,0.161,0.2,57.888,0.0373,0.891,0.0764,-18.64,0.0366
10910,0.191,0.646,0.24,128.012,0.109,0.869,0.0879,-18.544,0.0335
10987,0.684,0.508,0.507,140.103,0.0873,0.888,0.109,-11.257,0.0306
10994,0.975,0.252,0.63,125.085,0.0752,0.568,0.261,-10.694,0.0529
11027,0.995,0.29,0.00244,74.158,0.0347,0.968,0.11,-29.147,0.0508
11068,0.683,0.172,0.399,90.289,0.0512,0.904,0.125,-17.2,0.0526
11070,0.844,0.336,0.185,80.945,0.0878,0.699,0.0805,-20.808,0.0309
11124,0.885,0.319,0.716,159.615,0.305,0.941,0.202,-9.433,0.103
11133,0.69,0.142,0.0784,140.61,0.0378,0.899,0.364,-26.193,0.0407
11164,0.984,0.386,0.134,100.552,0.314,0.864,0.1,-17.505,0.0343
11232,0.087,0.463,0.773,121.905,0.038,0.0819,0.0721,-11.977,0.0542
11252,0.00862,0.694,0.22,150.259,0.34,0.849,0.112,-16.501,0.0437
11271,0.832,0.0829,0.139,72.906,0.0367,0.912,0.094,-17.017,0.0394
11384,0.941,0.441,0.105,77.034,0.0367,0.955,0.111,-19.051,0.03
11398,0.572,0.155,0.181,75.892,0.0325,0.558,0.114,-17.356,0.0378
11401,0.0596,0.421,0.798,87.901,0.205,0.651,0.127,-11.647,0.0567
11403,0.961,0.088,0.0187,70.945,0.0299,0.965,0.0819,-35.655,0.0509
11469,0.887,0.377,0.209,96.048,0.053,0.956,0.0929,-16.884,0.0317
11474,0.184,0.283,0.399,132.066,0.0364,0.901,0.668,-20.649,0.0714
11487,0.9,0.224,0.216,83.503,0.106,0.633,0.0973,-21.835,0.0463
11493,0.589,0.643,0.367,113.961,0.586,0,0.47,-11.719,0.0314
11494,0.427,0.136,0.267,175.335,0.0353,0.714,0.347,-20.233,0.0448
11507,0.638,0.367,0.105,113.196,0.0315,0.934,0.073,-26.081,0.0374
11551,0.904,0.227,0.17,89.635,0.0741,0.905,0.16,-19.699,0.0475
11625,0.482,0.389,0.486,124.905,0.329,0.364,0.134,-13.77,0.0312
11643,0.244,0.227,0.312,120.084,0.179,0.855,0.113,-16.119,0.0361
11661,0.857,0.369,0.23,89.862,0.136,0.917,0.15,-15.603,0.0382
11685,0.411,0.225,0.235,90.272,0.18,0.882,0.111,-19.07,0.0372
11726,0.638,0.616,0.193,129.558,0.128,0.872,0.0817,-21.459,0.0316
11757,0.853,0.134,0.18,80.262,0.0973,0.741,0.107,-20.592,0.0378
11773,0.929,0.107,0.0567,70.01,0.0337,0.908,0.12,-23.294,0.0475
11805,0.83,0.575,0.696,110.523,0.514,0.0192,0.0946,-6.575,0.241
11896,0.874,0.269,0.35,128.456,0.124,0.138,0.143,-9.147,0.0449
11897,0.428,0.61,0.578,119.873,0.701,0.0269,0.0947,-10.648,0.0377
11918,0.857,0.512,0.163,103.298,0.19,1.05E-05,0.109,-16.727,0.0346
11920,0.722,0.334,0.278,110.065,0.0366,0.934,0.107,-15.587,0.0342
11940,0.672,0.498,0.748,143.998,0.0785,0.818,0.295,-9.437,0.1
11957,0.691,0.806,0.177,98.051,0.345,0.538,0.0787,-16.952,0.0577
12020,0.444,0.535,0.452,124.777,0.168,0.654,0.145,-9.921,0.0301
12029,0.243,0.522,0.655,87.056,0.111,0.955,0.152,-9.175,0.027
12050,0.894,0.278,0.147,169.664,0.0985,0.000547,0.199,-15,0.0431
12110,0.953,0.143,0.0327,74.551,0.0329,0.664,0.11,-34.084,0.0495
12119,0.0891,0.481,0.842,143.956,0.665,0,0.0716,-6.796,0.0727
12141,0.93,0.595,0.179,101.99,0.0639,0.922,0.0828,-19.069,0.0356
12290,0.00309,0.755,0.67,119.997,0.856,0,0.0674,-11.099,0.0426
12303,0.982,0.457,0.0146,109.625,0.277,0.00433,0.16,-35.105,0.0358
12312,0.704,0.51,0.495,149.788,0.0354,0.92,0.111,-16.634,0.0775
12372,0.902,0.582,0.633,124.952,0.037,0.9,0.151,-11.134,0.0361
12401,0.849,0.199,0.429,85.769,0.15,0.377,0.669,-10.888,0.0564
12434,0.483,0.202,0.00126,66.473,0.0306,0.947,0.0761,-28.926,0.0496
12453,0.89,0.193,0.0882,71.185,0.0367,0.581,0.0516,-26.29,0.0333
12463,0.0036,0.251,0.556,96.642,0.146,0.883,0.232,-10.97,0.027
12475,0.0366,0.134,0.0544,81.73,0.0316,0.837,0.107,-21.69,0.0348
12488,0.265,0.304,0.563,190.91,0.0901,0.852,0.108,-14.546,0.0701
12524,0.949,0.212,0.115,109.748,0.04,0.782,0.123,-16.507,0.0379
12530,0.861,0.462,0.23,133.666,0.0805,0.911,0.113,-16.285,0.0411
12533,0.987,0.144,0.0816,79.195,0.0772,0.792,0.117,-21.151,0.0391
12764,0.749,0.376,0.285,100.19,0.155,0.565,0.0822,-13.115,0.0291
12772,0.0804,0.145,0.191,138.725,0.0348,0.895,0.173,-20.352,0.0433
12846,0.442,0.276,0.263,77.787,0.141,0.953,0.108,-21.57,0.0441
12923,0.736,0.496,0.383,100.001,0.164,0,0.083,-7.296,0.026
13000,7.05E-05,0.289,0.726,168.035,0.0309,0.195,0.0981,-8.416,0.0415
13088,0.313,0.156,0.23,71.898,0.0389,0.828,0.204,-21.828,0.0609
13097,0.995,0.172,0.0147,73.239,0.127,0.991,0.1,-27.96,0.0478
13129,0.299,0.329,0.206,120.807,0.0273,0.678,0.117,-18.631,0.0404
13138,0.76,0.46,0.211,125.854,0.245,0.93,0.101,-15.869,0.0361
13163,0.703,0.19,0.254,145.996,0.0823,0.899,0.254,-20.605,0.0421
13178,0.845,0.114,0.272,73.698,0.037,0.912,0.568,-19.536,0.045
13238,0.0407,0.268,0.255,101.335,0.266,0.89,0.106,-20.787,0.0597
13296,0.662,0.126,0.174,148.774,0.0341,0.957,0.104,-16.8,0.0467
13396,0.991,0.133,0.0176,78.114,0.042,0.823,0.0817,-27.397,0.0437
13490,0.674,0.247,0.143,113.994,0.034,0.919,0.2,-26.142,0.0394
13497,0.921,0.149,0.0829,137.459,0.0289,0.898,0.127,-34.506,0.0495
13529,0.686,0.265,0.514,85.948,0.293,0.00425,0.249,-6.633,0.0343
13538,0.58,0.179,0.339,76.665,0.0285,0.906,0.0987,-17.041,0.0442
13602,0.676,0.407,0.31,95.687,0.0324,0.866,0.199,-24.85,0.0516
13618,0.545,0.337,0.411,124.831,0.0775,0.824,0.367,-12.607,0.0648
13733,0.814,0.149,0.264,146.284,0.038,0.864,0.142,-18.306,0.0361
13734,0.978,0.313,0.191,116.296,0.137,0.812,0.115,-13.761,0.049
13855,0.429,0.606,0.877,116.031,0.0642,0.909,0.128,-9.449,0.0378
13874,0.662,0.38,0.404,135.317,0.0799,8.46E-06,0.108,-8.372,0.0276
13912,0.0138,0.53,0.443,154.974,0.623,0.00028,0.0967,-17.303,0.0299
13940,0.864,0.241,0.121,132.863,0.0376,0.948,0.0623,-25.087,0.0392
14055,0.349,0.13,0.334,80.735,0.0395,0.853,0.218,-16.57,0.0525
14063,0.977,0.163,0.0988,65.071,0.0369,0.95,0.1,-25.545,0.0436
14065,0.62,0.247,0.284,130.364,0.217,0.752,0.0929,-16.561,0.0382
14110,0.603,0.16,0.194,65.592,0.0263,0.7,0.167,-25.763,0.0595
14186,0.000941,0.561,0.664,99.379,0.0815,0.891,0.0946,-10.202,0.0678
14193,0.0579,0.366,0.461,121.872,0.102,0.763,0.308,-14.855,0.0353
14220,0.00536,0.656,0.82,101.428,0.93,0.853,0.0578,-9.509,0.0632
14251,0.51,0.408,0.312,93.176,0.0499,0.802,0.0739,-15.719,0.0362
14304,0.807,0.365,0.498,133.087,0.476,1.27E-05,0.645,-5.069,0.0335
14430,0.992,0.404,0.177,186.789,0.377,0.937,0.0922,-19.481,0.0347
14453,0.388,0.172,0.213,96.711,0.0399,0.937,0.0947,-16.371,0.0329
14472,0.962,0.084,0.0602,68.4,0.0489,0.945,0.0543,-26.008,0.0425
14611,0.967,0.767,0.695,119.284,0.857,0.00251,0.122,-8.144,0.374
14659,0.869,0.106,0.00673,171.87,0.0388,0.923,0.158,-34.594,0.0467
14685,0.00693,0.171,0.282,135.642,0.0375,0.888,0.136,-12.611,0.0381
14738,0.759,0.151,0.142,83.408,0.0737,0.815,0.101,-14.728,0.0316
14746,0.0723,0.634,0.692,127.645,0.554,0.866,0.13,-10.879,0.0428
14859,0.807,0.691,0.114,83.957,0.235,0.741,0.085,-21.364,0.0456
14954,0.0884,0.629,0.559,139.085,0.188,0.727,0.112,-13.977,0.0355
14960,0.929,0.146,0.0871,85.583,0.0325,0.904,0.103,-24.826,0.0369
14989,0.404,0.345,0.133,109.547,0.063,0.346,0.125,-16.097,0.0325
15015,0.962,0.203,0.0027,143.496,0.0353,0.685,0.0962,-31.422,0.0424
15166,0.00186,0.148,0.295,84.201,0.0497,0.829,0.206,-22.301,0.0415
15277,0.169,0.587,0.476,120.087,0.243,0,0.246,-10.52,0.0656
15298,0.62,0.457,0.678,118.6,0.046,0.961,0.125,-8.937,0.0291
15329,0.00307,0.857,0.867,140.069,0.808,0,0.0834,-4.92,0.222
15447,0.0961,0.405,0.638,187.746,0.654,8.28E-05,0.157,-7.303,0.0838
15473,0.41,0.574,0.482,129.31,0.101,0.27,0.12,-11.537,0.0405
15546,0.98,0.444,0.0496,88.286,0.254,0.913,0.116,-17.909,0.0361
15590,0.0199,0.243,0.588,126.349,0.039,0.735,0.292,-9.726,0.0403
15697,0.25,0.13,0.284,86.372,0.0466,0.8,0.108,-18.132,0.0369
15726,0.605,0.814,0.383,108.027,0.0739,0.861,0.11,-13.515,0.0432
15787,0.689,0.182,0.282,98.999,0.0301,0.661,0.0737,-14.747,0.0342
15795,0.239,0.414,0.124,125.96,0.036,0.898,0.108,-20.64,0.0415
15888,0.769,0.111,0.13,74.434,0.0356,0.904,0.11,-19.044,0.0407
16089,0.773,0.171,0.0857,80.686,0.0562,0.924,0.109,-16.929,0.044
16133,0.524,0.694,0.221,95.336,0.341,0.0695,0.0998,-25.506,0.0473
16215,0.238,0.204,0.529,86.769,0.177,0.517,0.462,-11.702,0.0598
16216,0.817,0.689,0.333,115.835,0.471,5.13E-06,0.285,-12.134,0.0307
16217,0.431,0.171,0.505,92.613,0.0796,0.962,0.262,-10.525,0.0521
16219,0.97,0.278,0.0675,82.626,0.112,0.732,0.0812,-20.946,0.04
16220,0.692,0.477,0.495,152.329,0.274,0.765,0.0732,-10.797,0.0525
16221,0.973,0.717,0.254,114.15,0.245,0.542,0.357,-17.922,0.0434
16223,0.557,0.537,0.828,126.757,0.92,0.000875,0.0963,-7.698,0.0464
16224,0.743,0.68,0.465,109.972,0.847,0.676,0.136,-8.353,0.029
16226,0.0516,0.738,0.6,115.527,0.508,0,0.0973,-5.75,0.0302
16229,0.0623,0.26,0.655,150.617,0.215,0.425,0.0884,-9.165,0.0383
16230,0.815,0.69,0.0673,90.094,0.0839,0.0959,0.0979,-20.713,0.0462
16231,0.929,0.14,0.119,73.347,0.075,0.935,0.357,-13.628,0.0375
16234,0.994,0.452,0.0298,95.895,0.203,0.895,0.135,-24.142,0.0453
16235,0.687,0.587,0.495,120.017,0.759,0.725,0.122,-9.204,0.035
16236,0.0206,0.465,0.687,70.507,0.13,0.929,0.121,-10.964,0.0495
16237,0.434,0.433,0.474,142.01,0.192,0.000421,0.0996,-14.024,0.0526
16238,0.00064,0.703,0.856,108.025,0.722,0.00126,0.38,-6.336,0.0461
16239,0.03,0.345,0.599,124.641,0.353,0.136,0.0647,-10.619,0.0361
16241,0.817,0.291,0.377,87.489,0.43,0.944,0.187,-11.089,0.03
16242,0.729,0.652,0.487,115.39,0.495,0,0.322,-6.5,0.0319
16244,0.994,0.162,0.0757,145.34,0.0554,0.918,0.246,-24.192,0.0389
16246,0.6,0.399,0.453,81.149,0.269,0.497,0.0913,-12.03,0.145
16249,0.00632,0.422,0.608,174.964,0.275,0.202,0.0854,-10.552,0.0367
16250,0.271,0.639,0.666,98.384,0.372,0,0.111,-7.775,0.0636
16253,0.905,0.193,0.246,85.248,0.0795,0.0299,0.14,-11.959,0.0342
16256,0.0328,0.381,0.582,133.991,0.0697,0.94,0.0843,-11.52,0.0406
16258,0.0178,0.605,0.739,104.996,0.799,0.736,0.109,-6.983,0.0262
16261,0.000105,0.775,0.713,124.998,0.627,0.0103,0.215,-7.245,0.0527
16263,0.929,0.0722,0.108,76.87,0.0387,0.895,0.0801,-18.553,0.0419
16264,0.89,0.273,0.177,112.718,0.163,0.908,0.116,-15.528,0.0355
16265,0.415,0.443,0.669,206.98,0.936,1.58E-05,0.09,-6.886,0.248
16269,0.817,0.123,0.254,78.857,0.0455,0.86,0.381,-16.658,0.0444
16273,0.993,0.35,0.0888,49.35,0.19,0.00141,0.202,-19.924,0.037
16276,0.93,0.0616,0.111,45.675,0.0376,0.918,0.0807,-17.688,0.0406
16278,0.695,0.128,0.374,59.032,0.0701,0.912,0.143,-11.184,0.0385
16279,0.759,0.335,0.323,91.599,0.291,0.824,0.0717,-14.71,0.0564
16281,0.0407,0.372,0.485,104.851,0.107,0.935,0.122,-14.809,0.0445
16286,0.319,0.145,0.452,82.297,0.146,0.92,0.0753,-13.56,0.0448
16295,0.000403,0.531,0.597,110.791,0.33,0.00105,0.063,-9.004,0.0324
16299,0.932,0.255,0.186,75.532,0.166,0.951,0.0895,-17.451,0.0352
16303,0.124,0.712,0.725,127.985,0.156,0.834,0.283,-7.317,0.104
16305,0.846,0.466,0.314,75.189,0.64,5.86E-05,0.0575,-12.327,0.0805
16306,0.828,0.385,0.331,120.251,0.104,0.657,0.11,-10.635,0.0374
16308,0.935,0.176,0.0701,167.19,0.108,0.566,0.0929,-22.747,0.0398
16309,0.503,0.414,0.415,151.723,0.092,0,0.119,-9.633,0.0331
16310,0.542,0.356,0.305,57.498,0.0387,0.937,0.172,-15.858,0.0281
16313,0.0276,0.56,0.83,130.671,0.172,0.882,0.198,-13.91,0.0511
16314,0.79,0.482,0.377,125.98,0.452,0.00034,0.291,-10.391,0.0506
16319,0.191,0.354,0.656,107.386,0.465,0,0.271,-10.435,0.0528
16321,0.857,0.184,0.0617,78.339,0.0359,0.863,0.373,-26.617,0.0395
16324,0.974,0.148,0.0193,90.439,0.0366,0.792,0.115,-23.459,0.0411
16329,0.47,0.356,0.538,145.194,0.69,0.0224,0.102,-18.44,0.0393
16332,0.938,0.0999,0.088,69.195,0.0382,0.861,0.135,-23.544,0.0413
16333,0.848,0.253,0.151,136.754,0.151,0.909,0.121,-18.081,0.0345
16334,0.896,0.23,0.335,120.018,0.0688,0.358,0.327,-11.808,0.0373
16338,0.752,0.28,0.315,118.989,0.131,0.964,0.142,-14.45,0.0345
16344,0.56,0.231,0.361,77.3,0.168,0.00095,0.0732,-15.901,0.0392
16349,0.728,0.143,0.197,77.172,0.0902,0.846,0.142,-19.474,0.04
16351,0.718,0.173,0.0878,115.683,0.0376,0.75,0.248,-18.788,0.0385
16358,0.284,0.61,0.698,102.004,0.467,3.63E-05,0.34,-8.616,0.028
16360,0.391,0.235,0.337,82.165,0.0803,0.136,0.254,-13.249,0.0674
16361,0.393,0.247,0.221,99.06,0.152,0.0682,0.0737,-19.332,0.0368
16366,0.0231,0.772,0.648,122.028,0.823,4.07E-06,0.0444,-12.297,0.0299
16367,0.869,0.0922,0.0439,82.488,0.0396,0.602,0.0643,-33.172,0.0371
16368,0.961,0.36,0.454,80.073,0.66,0.5,0.0922,-6.57,0.0504
16382,0.957,0.144,0.062,79.852,0.0386,0.691,0.149,-27.255,0.0422
16387,0.866,0.75,0.361,108.594,0.904,0.871,0.101,-16.461,0.0339
16392,0.815,0.587,0.533,133.031,0.0726,0.947,0.103,-17.715,0.0424
16395,0.963,0.478,0.111,120.058,0.151,0.925,0.125,-17.692,0.0339
16416,0.809,0.365,0.349,78.359,0.287,0.885,0.134,-13.964,0.0372
16422,0.913,0.207,0.0181,76.023,0.0306,0.439,0.0477,-29.982,0.0463
16423,0.945,0.275,0.263,78.188,0.399,0.000948,0.379,-7.411,0.033
16432,0.937,0.175,0.143,173.33,0.0662,0.933,0.0915,-17.439,0.0412
16451,0.943,0.484,0.075,84.394,0.341,0.878,0.128,-24.973,0.031
16466,0.0502,0.568,0.683,145.062,0.829,1.12E-06,0.0406,-5.101,0.0399
16468,0.662,0.297,0.132,117.245,0.0924,0.7,0.097,-17.705,0.0403
16482,0.00668,0.805,0.807,140.081,0.712,0.333,0.169,-13.08,0.0881
16513,0.973,0.312,0.0298,76.816,0.0527,0.961,0.148,-27.265,0.0578
16521,0.666,0.528,0.372,121.538,0.287,0.713,0.241,-15.992,0.0478
16522,0.966,0.105,0.0862,87.224,0.0387,0.935,0.0999,-21.051,0.0395
16523,0.744,0.124,0.0997,79.863,0.0402,0.831,0.128,-20.876,0.0379
16557,0.0207,0.363,0.182,120.043,0.0677,0.865,0.0613,-21.775,0.0458
16569,0.194,0.314,0.269,169.326,0.0944,0.755,0.0977,-15.807,0.0456
16572,0.756,0.11,0.304,161.365,0.0521,0.253,0.194,-14.325,0.0387
16608,0.666,0.212,0.351,110.035,0.0494,0.94,0.065,-13.514,0.0349
16624,0.246,0.176,0.438,152.656,0.124,0.948,0.126,-14.221,0.0323
16688,0.761,0.184,0.186,119.457,0.0398,0.225,0.342,-19.162,0.043
16694,0.022,0.354,0.277,91.942,0.078,0.062,0.0758,-14.877,0.0304
16723,0.963,0.183,0.161,168.429,0.0564,0.915,0.105,-16.929,0.0381
