ID,title,x,y,cluster
1,Inception,0.05160766843254344,-0.32369028545314354,3
2,The Matrix,-0.424908338224076,-0.06268994378322161,1
3,Avengers: Infinity War,-0.4191835622932499,0.2785904340327149,1
4,Back to the Future,-0.1414771049797932,-0.010927062717800841,1
5,"The Good, the Bad and the Ugly",-0.1860791434788513,0.1921146286776953,1
6,Spider-Man: Into the Spider-Verse,0.6686820457546304,-0.6322617140088057,3
9,Raiders of the Lost Ark,-0.19594898143921965,-0.11220484204004924,1
11,Taxi Driver,-0.24237698435467425,0.4721523931488921,0
12,3 Idiots,0.8929758107155853,0.298973131773412,2
13,Pan's Labyrinth,-0.01407973628785416,0.6123406396931286,0
14,Room,-0.5032466805753102,0.06513412532861329,1
17,Indiana Jones and the Last Crusade,-0.08100111633198337,-0.05509457873167455,1
19,The King's Speech,-0.30161996882929865,-0.1490725173512262,1
20,Her,-0.4027578146777796,0.1409565933644425,1
21,There Will Be Blood,-0.4460795690296863,0.04444222386851188,1
22,The Social Network,-0.5433537955179623,0.013131745175345195,1
24,The Perks of Being a Wallflower,-0.4628274766580814,0.0003979547365464439,1
26,Ex Machina,-0.5939623268748229,0.06619040480359371,1
27,Silver Linings Playbook,-0.2444085244839245,-0.08121552112111853,1
28,District 9,-0.494802078033128,0.03908548669327087,1
30,Moon,-0.34218681195190315,-0.04488490435739585,1
31,Marriage Story,-0.3309381479602955,0.1294491832025738,1
32,Drive,0.933767506928908,-0.15206996669177544,2
34,Incredibles 2,0.5895431413032403,0.2307866773174945,0
35,Dangal,0.4984892973129231,0.5505731905845215,0
37,Minority Report,-0.6089709205130308,0.090977362307401,1
41,Despicable Me,0.8220589803945564,-0.15122039424088826,2
45,Indiana Jones and the Temple of Doom,0.07176979584063302,0.03175020821249672,1
48,Senna,-0.3214402331146732,-0.24947140085728764,1
51,The Hateful Eight,-0.3455553753592914,-0.08366152610525203,1
59,Snowpiercer,-0.5309518557029052,0.0990641410509673,1
60,Hugo,-0.21147986884412365,0.09005595777652199,1
67,Molly's Game,-0.6478390295520486,0.11511109156563668,1
69,El Camino: A Breaking Bad Movie,-0.4650134755786653,0.1597716923287136,1
72,End of Watch,-0.3278437205627517,-0.0239591458496166,1
79,Mud,-0.18703984565122767,0.1211214510554635,1
85,The Two Popes,-0.42116183656034656,0.16181343617746205,1
86,The Last Samurai,-0.6113137514759904,0.02143448985360544,1
91,Dolemite Is My Name,1.2602375963697068,0.10160490171760213,2
92,Tarzan,1.116475440249136,-0.0899389303582082,2
96,Saving Mr. Banks,0.007254452119766099,0.4592832009198253,0
97,Icarus,-0.20600215980002445,0.02182604723603577,1
101,The Death of Stalin,-0.2635120820819995,-0.04397576529180939,1
113,Extraction,0.21319216201666447,-0.5374792650730189,3
115,Blue Valentine,-0.3195606145833225,0.17642114945487672,1
117,Green Room,1.1314060232410528,-0.09349050929559803,2
118,Kung Fu Panda 2,-0.05832087389353629,-0.034070978980808984,1
119,The Ballad of Buster Scruggs,0.4325669507009279,0.6396257098085398,0
122,The Adventures of Tintin,-0.008211444451134519,0.09412638029640416,1
137,Solo: A Star Wars Story,0.01638372749013716,-0.543725964325641,3
138,Steve Jobs,0.2727714197794696,-0.4584348794058632,3
140,The Croods,1.0641948582508889,0.10178700679622596,2
141,Locke,0.0007518608501040066,-0.4138793485375322,3
143,Starred Up,0.6542532040719972,0.012691988566621858,2
144,Mudbound,0.44949475388612,0.3970739706997437,0
146,Blue Ruin,-0.6420095538737703,0.042564744097044784,1
155,Haider,-0.5079950094903415,0.007554274562718597,1
157,Hush,-0.16301516356405335,-0.11306477191163394,1
158,Elizabeth,0.17869799854596954,0.7063075690236771,0
164,The Autopsy of Jane Doe,-0.4004059978272427,-0.12997947909478333,1
165,Virunga,-0.3498900442737295,0.0025319036788873732,1
167,The Master,0.11278526091034935,0.7492770995868033,0
168,A Serious Man,-0.27289558386808216,0.11713287735956668,1
170,The Breadwinner,-0.035337127311898565,-0.3217246663191665,3
171,The Boy Who Harnessed the Wind,-0.07908168166572875,0.04021782040193847,1
174,Lawless,0.3227587439644992,0.4765196961748213,0
179,The Mask of Zorro,0.476600771576554,0.40656384351326413,0
180,The Natural,0.4925214431426509,0.1943672660027359,0
182,Arthur Christmas,0.5642246665771644,0.4528130794501505,0
187,War Horse,-0.618321415920875,0.06877072287448797,1
190,A Most Violent Year,-0.011611995030593986,0.15256431168734946,1
195,Insidious,0.20406532346653206,-0.5639941515174899,3
198,The Foreigner,0.04599032055462757,-0.4025289561446072,3
199,The Danish Girl,-0.2697943598330168,0.24572159959966944,1
201,Bird Box,-0.2116185673917692,-0.19303507743756346,1
203,Hostiles,-0.3260565925638101,-0.2237354666967847,1
206,LA 92,-0.3280552954225888,0.09256518374600488,1
211,A Ghost Story,0.4402782541579127,0.4321627288002304,0
212,United 93,0.16156565470115322,-0.5050333642186263,3
217,Enemy,-0.3047595228407381,-0.17175323030692696,1
220,Indiana Jones and the Kingdom of the Crystal Skull,-0.11679402654303593,-0.15048647583915353,1
227,Angel Has Fallen,-0.24271841202094505,-0.17671594812145391,1
229,Mary Poppins Returns,-0.10874691400221227,0.7106210342616368,0
235,American Factory,-0.302009523369701,-0.2719920246994253,1
236,Code 8,0.33259938012681395,0.6381411386748036,0
237,Salt,0.2676842409848241,-0.6577664988683974,3
238,The Hundred-Foot Journey,1.074216664441801,0.017859876000069372,2
241,Chasing Coral,0.8704793836045172,0.03660459739460746,2
243,The One I Love,-0.3963136377441324,0.11049657716764924,1
249,The Willoughbys,0.4304912184001942,-0.2614501780771402,3
250,The White Helmets,-0.4173684609115365,-0.10628904164721277,1
258,The Battered Bastards of Baseball,0.4557741848176455,0.4240856344477961,0
261,Sinister,0.015318537164411481,-0.20278423808672905,3
264,The Stanford Prison Experiment,-0.025389624163752438,-0.06374949872968319,1
265,My Week with Marilyn,-0.43461657915838897,0.13854705243478835,1
267,Secret Superstar,0.584968489033714,0.33852003556358223,0
269,Jarhead,0.5189838745003742,-0.6283686608518695,3
275,Olympus Has Fallen,-0.1953926982063391,-0.3799049315729152,3
288,The Score,-0.3336758020853426,0.13700303832439584,1
295,The Highwaymen,-0.5708843940403828,0.07179806458022152,1
298,Creep 2,0.6879288617655355,0.4856152670125414,2
300,Unrest,0.5888714248681842,0.31648207065464873,0
306,Blue Jay,-0.5744588955404207,0.08143077303373834,1
307,1922,-0.3173820917003604,0.0190999314029934,1
309,Circus of Books,-0.6347836149814986,0.05897812645149466,1
310,"Hail, Caesar!",0.0511499126394037,0.6166905040712071,0
320,Den of Thieves,-0.49387003123445794,0.06485365814053816,1
321,Wadjda,-0.5975398503387239,-9.204059847307384e-05,1
322,The Spiderwick Chronicles,-0.484083520564437,-0.07422117261019241,1
324,Turbo,0.7245949360538084,-0.5589649379977125,3
328,Remember,-0.3321207731071609,-0.03740189685672342,1
335,Delhi Belly,1.269366838700946,0.049563769080872004,2
338,It Comes at Night,-0.30463617365203555,-0.19150794043378733,1
341,The Interview,0.3694158819919176,-0.6384246146188637,3
343,Outbreak,-0.6233804016042842,0.032315433586679335,1
348,Candyman,-0.4226932418928948,-0.020834701664023503,1
350,Calibre,-0.1129853427641372,-0.24245301329156604,3
358,Outlaw King,0.08861169158882781,0.762070983803334,0
361,Krisha,-0.5951113590256065,0.08638146838483307,1
366,The Cakemaker,-0.4885091282691025,0.05716879822424634,1
368,Bleed for This,1.0881343777214922,0.11481679465958393,2
369,Girl,-0.3738784170784944,-0.12656659277916402,1
377,"Love, Rosie",-0.4754041821162517,0.19244557417565425,1
380,Super Dark Times,0.2509946052704508,-0.5619726454816233,3
381,Tallulah,-0.5540695911313147,0.08685700287623188,1
389,The Duchess,-0.469086837069383,0.14971334553284382,1
397,The Sapphires,0.14943505446924776,0.2758579807347761,0
407,6 Underground,0.20814866819870925,-0.36532681200187017,3
411,Suffragette,-0.3182714661236273,-0.21124922264125434,1
413,Terminator Salvation,-0.06495910178516331,-0.3167346613966302,3
426,Next Gen,-0.08307158631248117,-0.26623645435891463,3
427,Cam,-0.625544723421702,0.04263241300742605,1
428,Divines,0.9670238015804338,0.3126993042031204,2
429,Shirkers,-0.353791063896628,0.17116621066587312,1
430,Underworld: Evolution,0.8140433050459416,0.03537496962899847,2
433,Spitfire,-0.4751738875944438,0.06379474704128411,1
435,Dear Zindagi,1.0446801401923942,0.02171070952009876,2
441,Black Sea,-0.5879851743027985,0.024173608066656332,1
442,Ali's Wedding,-0.4213743099772126,0.07746962340264257,1
447,Badla,0.8316259861600445,0.13729495967296812,2
454,Spenser Confidential,-0.6372459142775202,-0.012929029342219695,1
463,The Runaways,0.050355612010883566,-0.6597553442022532,3
465,The Half of It,-0.05496452289367757,0.5143919974599805,0
468,What Lies Beneath,0.06976466287484544,0.13838725009623065,0
472,One Day,-0.5036571081006185,0.03525227759109103,1
476,The Grinch,-0.2613368955883782,-0.06460662151024611,1
478,Beasts of No Nation,0.08772980412542179,-0.6455780686206773,3
486,Underworld: Rise of the Lycans,-0.5143333108714659,-0.10169540576475344,1
487,Talaash,0.8257233512312344,0.2934655657505596,2
491,Bee Movie,0.17103102482511146,0.05453874554028598,3
492,Trash,-0.4479921498276301,-0.008338186995267553,1
494,He's Just Not That Into You,-0.5990150460683107,0.12549949125922413,1
501,Bad Day for the Cut,-0.4416375463004004,0.06631717652859945,1
503,Soul Surfer,-0.3677449755474337,0.04948470007801986,1
510,Berlin Syndrome,-0.4512330312759447,0.046840712456414496,1
512,Big Miracle,-0.2858410258078642,0.21631947436340815,1
516,Deep Impact,-0.4909871155504147,0.12080912249720024,1
520,The Wandering Earth,0.6148321851582755,-0.4094715141764245,3
523,Chappaquiddick,-0.6427338557683977,0.04188299448156559,1
525,Mission Control: The Unsung Heroes of Apollo,-0.3085385335514661,-0.004943872576362866,1
536,World Trade Center,-0.6108881462552601,0.02063394426742221,1
539,My Scientology Movie,-0.3663248358798111,-0.15235476689103772,1
541,Mortal Kombat,0.5115322828202397,-0.4387386786753201,3
548,Petta,0.35521553294103786,-0.36723221450524746,3
551,The Confirmation,-0.4145401481603108,0.07316577223598933,1
552,The First Wives Club,-0.6322538375020761,0.07658221690356601,1
554,Free Fire,0.4524827147707988,0.5496523112846243,0
557,Cop Car,0.2349892853911337,-0.4298394816177416,3
563,Resident Evil: Extinction,0.6431969340343774,-0.6524143000342879,3
564,American Assassin,-0.1641652498869981,-0.1667824499502759,1
586,Breath,-0.5692272243272615,0.03753682476120185,1
587,Kodachrome,-0.21969323436607646,0.5807998551314807,0
588,Operation Red Sea,0.23994290832178555,-0.6093980396152231,3
591,Laggies,0.19028921663981532,0.08761169387135805,0
598,Before I Wake,-0.4733600811258513,-0.0009777605620226275,1
600,Mountain,-0.11342284316207048,0.5564100855635359,0
603,Tamasha,0.6860100748831228,0.3934696776403523,2
608,Dolphin Tale 2,-0.4312536244535927,0.13159972228981098,1
610,I Am Bolt,0.3236094500173642,-0.6091905094433765,3
611,Evolution,-0.4201016388351864,0.0905003799285208,1
614,The Iron Lady,-0.5759524904205767,0.08141619813051784,1
615,Son of a Gun,0.046802015011096,0.721194766185534,0
620,The Rover,-0.6181475414731201,0.1292567443815462,1
622,The Other Side of the Wind,0.34462423635582434,-0.1322967617097642,3
636,Elizabeth: The Golden Age,-0.3162853612608549,-0.20457015572496468,1
637,37 Seconds,-0.2893945382778437,-0.036024277479867965,1
640,Dear John,-0.5289663745092066,0.02666970007339051,1
645,13 Sins,0.4401139415502559,-0.7840759090932424,3
650,Battle: Los Angeles,0.1703145129062193,-0.5336717200033427,3
658,Survivor's Guide to Prison,-0.4836385162163891,0.07197965932510737,1
659,Transcendence,-0.5502064830749349,-0.13785410249369273,1
672,The Blackcoat's Daughter,-0.4140804576755927,-0.014442113755073304,1
680,From Paris with Love,-0.5921774424168642,0.06877056308079835,1
683,Pee-wee's Big Holiday,0.641998659702552,0.5360673283209909,0
684,Promised Land,-0.050979381240605214,0.5226475678573322,0
701,In the Shadow of the Moon,-0.12566971021755488,0.08765804513931606,1
702,Mirror Mirror,1.2831391035425272,-0.013339558394783813,2
705,Brooklyn's Finest,-0.13670975768793833,-0.383129654287088,3
706,Wakefield,-0.6034008465412009,0.0913214540436479,1
707,Wish I Was Here,-0.4467031302781862,0.12867859369648613,1
712,The Secret,-0.473138552545072,0.15965025561066734,1
716,Horns,0.29693068703353986,0.2282594345141295,0
717,Emelie,0.16702445392298093,-0.5874672763254116,3
728,Animal World,1.160649167731498,-0.01467459533149311,2
737,Johnny English Reborn,0.5877126955229753,-0.2131635549381624,3
741,Morris from America,0.8107540311565716,0.20133223671915476,2
744,Sweet Virginia,-0.08924452082077756,-0.2783658883532789,3
745,Chloe,-0.5152486305480174,-0.00671246371855971,1
748,Roll Red Roll,0.09057611139921784,0.6312946285592226,0
749,All About Nina,0.6861395343893472,-0.5746084110125016,3
760,47 Meters Down,-0.37509779086767897,-0.03683468757611528,1
769,Cult of Chucky,0.12337033283168088,0.2248004955910641,0
774,Jupiter Ascending,-0.4998949764718604,0.017398123945810882,1
779,Wildling,0.4965414326934289,0.5263248524787578,0
789,Dinner for Schmucks,0.30814843506757184,0.6439302457224023,0
795,Resident Evil: Afterlife,0.2639547986507765,-0.6434990773894128,3
799,The Ballad of Lefty Brown,0.5521222094801009,0.5624596928140787,0
803,The Physician,-0.09773651267267723,0.684161657904405,0
813,Maps to the Stars,-0.6124025155323164,0.1248759483156119,1
825,The Tourist,-0.4853924538846287,0.002604456917796593,1
827,Menashe,0.007979339850980876,0.5566774450648831,0
834,He Named Me Malala,-0.4862118965726884,0.06951964161560485,1
836,Race to Witch Mountain,1.1724136218456722,0.00881572729069077,2
849,The Butterfly's Dream,-0.5281848364351454,-0.05362201219219384,1
857,The Great Hack,-0.6675711807070216,0.10029748721857557,1
859,Barry,-0.3524460808359041,0.01502193589059253,1
867,Mean Dreams,-0.3928265704731329,0.0006687402758384537,1
872,Pope Francis: A Man of His Word,-0.4651445559472658,0.07930602785410644,1
873,68 Kill,-0.3159587817061389,0.02953114544353693,1
890,Eli,1.300756399510418,0.20445481904951415,2
892,Beyond Skyline,0.9682508638557544,-0.3206379650413721,2
896,The Cloverfield Paradox,0.02888517335465804,-0.27318761086696225,3
903,The Rum Diary,0.2357770179844253,-0.3319167430169299,3
907,Knock Down the House,-0.2925520735070304,0.004757337609270947,1
908,Soorma,0.9683902452329322,0.005409034842444604,2
911,Secret in Their Eyes,0.4479290019366001,0.5472566499196774,0
912,Bon Cop Bad Cop 2,1.0162574599759169,-0.045945268835020314,2
918,Automata,-0.4279019785798311,0.030931354821510538,1
919,A Little Chaos,-0.1565771610348369,-0.026505101608959983,1
928,Anon,-0.5147032729082401,0.008636681245068,1
946,Kabali,0.6611022705569086,0.39360939031280906,0
951,War Machine,-0.21497753254457644,0.08781812632857358,1
978,Equals,-0.06179823785339631,-0.2443969919184786,3
986,Susanne Bartsch: On Top,-0.32310761490233714,0.040115152472985936,1
991,Goosebumps 2: Haunted Halloween,0.05613592783528905,0.13110800103624284,1
1004,A Tale of Love and Darkness,-0.355852710443717,0.19966294087126135,1
1009,Hop,1.3251936121822083,0.05001847591308424,2
1013,The Peacemaker,0.15300388084143507,-0.4289332603694319,3
1016,The Final Destination,0.5898597950816536,-0.7261349619510791,3
1036,Gemini,0.2830748839603569,-0.2567564719729705,3
1053,Dream Boat,0.8746317962504191,-0.6265079929946796,3
1054,A Family Man,-0.6435262607360139,0.07522640781008617,1
1055,The Outsider,0.00011464503317684644,-0.4560066596590119,3
1057,The Nutcracker and the Four Realms,-0.4595192802940193,0.054823708273164413,1
1064,The Trust,0.1863482057609229,-0.11470399378709682,3
1069,Rowdy Rathore,1.260866499959646,-0.0037948827686185055,2
1071,Girl on the Third Floor,-0.3207505926953069,-0.18402395888477927,1
1076,13 Cameras,-0.5287296245113248,0.034802681967748765,1
1090,Room on the Broom,0.11849757271004903,0.4413196418446365,0
1100,Barbecue,-0.40950104076207466,0.025164392740653872,1
1114,Closed Circuit,-0.4837888336008764,0.05511321578989863,1
1118,I'll See You in My Dreams,0.3664355499692378,0.5714443814307637,0
1122,OtherLife,0.2395184548843747,-0.15681461720983578,3
1124,Cop Out,0.72671152578751,-0.6462036002292976,3
1127,The Ivory Game,-0.3424195504296672,-0.18632909465910427,1
1145,The Vatican Tapes,-0.40636787106857536,-0.010148769565080469,1
1152,Close,0.5531189794306053,0.08049101688744809,2
1157,5 Flights Up,0.25113680135336985,0.2569565614219663,0
1171,The New Romantic,0.332125415943603,0.6064816846234022,0
1175,Mersal,0.5877626671499782,0.5419403797135556,0
1177,Mucize,0.2298509117247203,0.5062941835994206,0
1190,Becoming,-0.3365192668366772,0.13449219552962935,1
1200,Rangoon,0.8975846253703794,0.2287177932649469,2
1212,"Crouching Tiger, Hidden Dragon: Sword of Destiny",-0.36751479785569136,0.226883952032412,1
1222,Carrie,-0.11460872712671916,-0.3962671044829164,3
1233,Umrika,-0.5220110772530966,0.11100651840945372,1
1237,The Hurricane Heist,0.17867422349745785,-0.4379124905043031,3
1241,Barely Lethal,0.3368502760677218,-0.2552129229012736,3
1247,The International,0.10309465657523773,-0.5589508907488592,3
1273,Patrick,-0.35875467295724495,0.06950307036183649,1
1281,Chillar Party,1.1604964356411682,0.2072439707179426,2
1290,Long Shot,-0.4300258210474952,-0.11957295119028552,1
1301,Pandora,-0.1464231110859191,-0.01200466394594353,1
1321,The Last Summer,0.8871526530479831,0.3881885335456527,2
1324,Bobbi Jene,-0.42684042018648294,0.011507934132519456,1
1333,Every Time I Die,-0.3635782364561412,0.05131290925326155,1
1347,Sad Hill Unearthed,-0.4167427652419261,-0.12202637579206713,1
1353,Sex and the City 2,0.14131387890682015,-0.3942339633814215,3
1360,Bushwick,0.505766964871084,-0.5733182089698331,3
1365,Race,0.05052154915068539,-0.5992655771356704,3
1368,Asperger's Are Us,-0.28252702204056285,-0.021786230554188345,1
1369,Hard Tide,0.2285768519204661,0.07440124507336693,0
1387,Chernobyl Diaries,-0.4199543314382196,0.2657384005584885,1
1409,Friend Request,0.046798501385723966,-0.23473849844234496,3
1420,Silent Hill: Revelation 3D,0.9985748092089536,-0.02525617028196727,2
1421,Hangman,-0.3594299294327408,-0.05206955592547828,1
1428,Polar,0.4806389192193351,-0.7235754803763752,3
1430,Ek Main Aur Ekk Tu,1.214026990380897,0.08332331698196026,2
1437,Shimmer Lake,-0.5864305292067068,0.0921675487379763,1
1439,Mohenjo Daro,0.5338221774400491,0.5102149763842521,0
1449,She Hate Me,-0.4447832234837379,0.10782278519662716,1
1453,Lady Bloodfight,0.07551480950226551,-0.4898044300793595,3
1456,Earthquake Bird,-0.028866641311943227,-0.2926299115055677,3
1457,Mohawk,0.043153002383365724,-0.1694586738538124,3
1459,Untamed Romania,-0.25777780735340583,-0.19257651754429195,1
1460,Sarkar,1.0922296066615018,-0.0757055965898932,2
1461,Bokeh,-0.5266784598369092,0.060519338553518126,1
1471,Burn Out,-0.2528440458590851,-0.16253117099785572,1
1491,Pachamama,0.5799899078742253,0.513260371700012,0
1501,The Last Airbender,0.015594023476711188,-0.6048113594945681,3
1523,Angela's Christmas,0.12455973346149035,0.7749993784872249,0
1552,Agatha and the Truth of Murder,-0.2528783939294516,0.06863171240083861,1
1600,I Am Wrath,0.1851028292311057,-0.5826575951630415,3
1607,Dragonheart: Vengeance,-0.6601515078203628,0.03204579055227093,1
1624,City of Tiny Lights,-0.2941341432720875,-0.10710395346633934,1
1660,Mara,-0.5235152904145227,-0.0493371272304949,1
1668,Skin Trade,0.5371623991080251,-0.4810868979755927,3
1688,The Roommate,-0.5791891971654507,0.05548982105625044,1
1689,Doom: Annihilation,-0.2069627518853185,-0.3004748334385189,1
1690,Stephanie,-0.4341201356498998,0.22119464664642188,1
1691,The Vault,-0.25114669145477586,-0.16545695700779334,1
1702,Yeh Ballet,1.1189088166870162,0.2969687112687766,2
1704,Fukrey,0.8199542772294709,0.44979060235436796,2
1709,The Adderall Diaries,-0.5988917438723099,0.04849157157504588,1
1710,Psycho,-0.27886189622251045,0.05282401590605844,1
1717,Ready,1.3399007277480257,0.09041141477620553,2
1723,Clinical,0.5261852087995268,0.7398115281224975,0
1731,First Kill,0.6473698814838681,-0.637592651945134,3
1744,The Bye Bye Man,0.5596109384357107,0.10544783418875003,0
1752,Spy Kids: All the Time in the World,0.5865653784377124,-0.553681834836448,3
1766,Invisible Essence: The Little Prince,-0.1382647700414174,0.5854206551460879,0
1790,Sister Cities,-0.4808435566827221,0.07067028968102071,1
1802,The Black Prince,-0.4751787039979203,0.052127335948792375,1
1817,I Don't Know How She Does It,-0.22341437716658466,0.43687250206205386,0
1834,93 Days,-0.3438421720141353,-0.15049709794448973,1
1871,Rocco,-0.10079206134408993,0.3718577518372679,0
1881,Inside Man: Most Wanted,0.325521034003353,-0.6848305991034666,3
1895,Sahara,1.077404611880265,-0.09736246024703096,2
1934,7 Khoon Maaf,1.2442445116107466,0.09012206059381574,2
1948,Dragonheart 3: The Sorcerer's Curse,-0.4288035376322945,0.09627545201878523,1
1974,Judwaa 2,1.3082668771942991,0.05975932539451581,2
2003,Luv Shuv Tey Chicken Khurana,1.0198906437200148,0.3629930502659341,2
2011,Ferrari Ki Sawaari,1.177363103150377,0.05572958101586687,2
2017,Raja Natwarlal,1.0799510304838364,0.06484216115840102,2
2036,Albion: The Enchanted Stallion,-0.02956899979174832,0.4837636055809404,0
2082,Duck Duck Goose,0.4988996964165857,0.3771118539474456,0
2124,Jarhead: Law of Return,-0.17581661430695836,0.511890966621115,0
2129,Cities of Last Things,-0.5936705409786204,0.10154668819672256,1
2141,The Crew,0.7550475307168096,-0.6466059326369014,3
2143,Dragonheart: Battle for the Heartfire,-0.4796764388494933,0.04127317911048318,1
2146,Annabelle Hooper and the Ghosts of Nantucket,-0.45454686296470004,0.011327715064883571,1
2164,Mostly Sunny,-0.5683309274977721,-0.07913370076025007,1
2166,The Bomb,-0.2279837973258704,0.05653831004931046,1
2197,Kidnapping Stella,-0.29880568231349386,-0.05260819833236982,1
2206,I'll Sleep When I'm Dead,0.1108779237428596,0.546262072770165,0
2238,Generation Iron 2,1.1475562618063668,0.06132625524752724,2
2257,All the Devil's Men,-0.2737687683598697,-0.2209046242161136,1
2304,Thi Mai,0.3554983260485602,-0.01561534415303126,3
2317,Monsters: Dark Continent,0.5781774256277008,-0.6836986177177131,3
2320,Belief: The Possession of Janet Moses,-0.6389433378436,0.08712545337407063,1
2333,Malicious,-0.3979669414276036,-0.2093119716615993,1
2350,Justine,0.15688206203831254,0.34378569952974697,0
2357,Made in China,-0.20155517921581906,0.01617090266630483,1
2361,The Search for Life in Space,-0.2833715412224903,-0.031636802263646284,1
2397,Hide and Seek,-0.29689356221596264,0.19460301944387434,1
2398,Cabin Fever,0.5189219307544487,-0.6354586347999485,3
2401,Memory Games,0.03227793982571333,0.04719588513775687,1
2439,Dry Martina,0.6146184474706371,0.5366654772841695,0
2467,Sparring,0.6966978114445439,0.12777777459591455,2
2517,Aliens Ate My Homework,-0.4776679618760321,0.06513934626746251,1
2547,Dark Light,-0.3069572700365304,-0.2288463701545096,1
2596,A Perfect Man,0.5306456219987026,-0.31244073038755993,3
2612,The App,-0.4439098220503319,0.013104853041209535,1
2642,Water,-0.5776008983815016,0.0545824188706495,1
2643,Backdraft 2,0.1749361946856453,-0.3755424567064613,3
2661,Planetarium,-0.3923228201014917,0.04213661136571434,1
2675,Cop and a Half: New Recruit,0.07712488478844702,0.0842471530663461,0
2685,I Am Vengeance,0.38707714047833547,-0.3701039571250848,3
2691,The Last Whistle,1.0825824824659382,0.025103630890125732,2
2698,Blessed Benefit,-0.35812383414885435,0.1202113180180826,1
2700,Thank You,1.076525965144635,0.03852842178007848,2
2706,Pickpockets,0.26975318075351185,-0.5550396646420291,3
2757,Surviving Christmas with the Relatives,0.06275985758977669,0.7099427758954986,0
2773,Desolate,-0.11001677222665182,-0.10840283413573228,1
2808,Robin Hood: The Rebellion,-0.19177840467603394,-0.2062549587588878,1
2839,S Storm,0.3743806707759523,-0.6743567130740918,3
2914,Viking Destiny,-0.3058656773202037,-0.2235531460755797,1
2943,Chance Pe Dance,1.2949504575474209,0.041296751813679984,2
2949,The Worthy,-0.02578734140231173,-0.4596870332745807,3
2972,Ghanchakkar,1.0972705027764065,0.1775824212264389,2
3007,Mumbai Matinee,1.1202723609816383,0.0632549371423598,2
3019,Bhasmasur,-0.4586282130380383,0.11790809190338447,1
3023,Autumn,-0.29760510380716143,-0.025206546837859518,1
3188,Jefe,1.2401897596251008,0.08107078159486852,2
3234,Follow Me,0.10992633312179363,-0.5099183621694583,3
3325,Rumble,0.9885179338450174,-0.11406249069008828,2
3365,MindGamers,-0.5984221968777482,0.033905979217238154,1
3377,Undercover Brother 2,1.2646041527208216,0.16022992534608338,2
3561,The Dark Knight,-0.07220131340420759,-0.12157964144876413,1
3563,Parasite,0.10477693459608158,0.10048478588477393,0
3564,Good Will Hunting,-0.32213429290748546,-0.0502375230914023,1
3566,Batman Begins,-0.5321091864986705,-0.05043723673774121,1
3569,Zombieland,0.8619601707933565,-0.5282163519978385,3
3570,A Quiet Place,-0.3492642839762221,-0.10166111071122916,1
3576,Hunt for the Wilderpeople,1.279975006364985,0.10088273670503414,2
3580,The Conjuring,-0.2195084646354074,0.24748434144863346,1
3581,Free Solo,-0.4362266905326739,-0.040442428131933626,1
3582,Captain Fantastic,-0.251096195805832,0.3193738663053454,1
3588,How to Train Your Dragon: The Hidden World,-0.5039284036234261,0.1194583528531504,1
3590,Star Trek II: The Wrath of Khan,0.12438154652095627,-0.5049561401071878,3
3592,Booksmart,0.5038839134053612,-0.2942251519837641,3
3593,Super 8,-0.41781278355255774,0.09060942439060768,1
3595,Coherence,0.2956877915546471,-0.6896481369926842,3
3596,Annihilation,-0.4635093188816986,-0.01217754411839317,1
3597,Heathers,0.09648485458032227,-0.018707100494868158,3
3598,The Descent,-0.2384460043767727,-0.3288004721872833,1
3600,Fighting with My Family,-0.3297388641937715,-0.004859052583618482,1
3601,Bumblebee,0.2237667069605472,-0.7041774025132103,3
3603,Instant Family,-0.31210011207791505,-0.19632112668367627,1
3608,Let Me In,-0.5057652658253114,0.11267749753968498,1
3609,Three Identical Strangers,-0.5838211454425607,0.008703359210488149,1
3610,A Simple Favor,0.009241959186560228,-0.14787236342271565,3
3612,Loving Vincent,0.16809503991992705,0.6516137864242971,0
3614,Honeyland,-0.114580017051502,0.02331258783962937,1
3616,Abominable,-0.1603973699298153,-0.1752167000950202,1
3618,Hotel Mumbai,-0.3518042981831852,0.016852888264544768,1
3620,Ninja Scroll,0.4297886149250984,0.4429433522268971,0
3624,Embrace of the Serpent,-0.4346369307806858,0.14781718225468926,1
3628,Notes on a Scandal,-0.44697032141900667,0.01151145146321862,1
3629,Star Trek VI: The Undiscovered Country,-0.3639331987899413,-0.06160313594396455,1
3635,The Way Back,-0.4685720986225555,-0.03931892415397194,1
3638,The Biggest Little Farm,-0.4794208685404463,-0.01296536057503402,1
3639,Lucky,0.08145053776579908,-0.06497239341180631,3
3642,If Beale Street Could Talk,-0.4824183899211662,-0.03885945715084538,1
3651,The Sisters Brothers,-0.4661610577222226,0.046942444576460886,1
3653,Monos,-0.4517582709075266,-0.020709688176301432,1
3657,Hud,-0.5187541964480649,0.1596352303393373,1
3658,Vice,0.18201708101668232,-0.6241496310837145,3
3662,Cartel Land,1.1482965074722078,-0.014722955447381354,2
3666,The Next Three Days,0.8590877312584981,-0.03273334362831176,2
3667,Megan Leavey,-0.4431148308273105,-0.03582318909839659,1
3677,I Can Only Imagine,-0.6526425944695635,0.03609091852560347,1
3680,Jane,-0.4973532880124982,-0.05956782069692966,1
3682,Hail Satan?,0.24860319836550596,0.4503864417121227,0
3683,Ingrid Goes West,-0.2110748331001805,-0.04978322078274743,1
3684,Dogman,-0.6679678843252329,0.0505559886833552,1
3685,Anthropoid,-0.5489298934254512,0.030521999009094636,1
3686,Missing Link,0.6895142289341709,0.3002321203947149,2
3688,Cashback,-0.24905124142069496,0.43346819627364186,0
3690,The Absent One,-0.5367637155904463,0.022275504847906268,1
3691,Big Time Adolescence,-0.4492218673489365,0.009473449063373392,1
3695,Killer Joe,0.19032559223456494,0.018215731480466072,0
3697,The Wave,-0.4097371656807995,0.0768174020682318,1
3698,Colossal,-0.12072132273598656,-0.393097598443435,3
3699,Luce,0.013521441400522206,-0.2185507053331156,3
3700,Oculus,-0.5823916653397703,-0.03904120366875252,1
3705,Prospect,-0.3772098438454555,0.05631928364979087,1
3706,Arbitrage,-0.4687144185131348,0.010977812381702031,1
3707,Plus One,0.21643506465057344,-0.5447997091861229,3
3709,Amazing Grace,-0.058806041503349775,-0.3020712985989471,3
3715,I Kill Giants,0.9984498366913755,0.03668303168967973,2
3719,The Villainess,0.2176018879622188,-0.6181898332224358,3
3720,Europa Report,0.08982045678449903,-0.3994156068149312,3
3722,In the Fade,-0.6512376523137219,0.13967776159442102,1
3724,Christine,-0.11531649159281612,-0.02390989103763245,1
3725,Hearts Beat Loud,0.6689466428053771,0.05201218304583617,2
3727,Angel of Mine,0.04781981752393117,0.1808877264134044,0
3729,Pawn Sacrifice,-0.28316459346986783,-0.08639504715408237,1
3731,Ben Is Back,-0.6083389821378891,0.07067645854629456,1
3733,No Strings Attached,-0.5364335290316701,0.07861025726758591,1
3738,Operation Finale,0.5358208861208147,-0.3696394629138654,3
3742,The Domestics,0.13806538358221102,-0.2007935645492432,3
3745,The Commuter,-0.1044522736260497,0.2401236367171609,1
3749,Miss Stevens,-0.4687888310160523,-0.0006191525970784988,1
3754,The Keeper of Lost Causes,-0.3857716126365545,-0.10917995783609864,1
3755,Sea of Shadows,-0.272314420905724,0.06899859166102894,1
3760,What They Had,-0.4300852653503656,0.19117229285380952,1
3764,Every Day,-0.3205713759480701,0.04825921506732492,1
3766,Brian Banks,-0.6063515299035277,0.1638245289220369,1
3769,Becoming Bond,0.402933242805644,-0.6225438928168096,3
3770,After the Screaming Stops,0.493575773881873,0.5247291536665101,0
3773,The Frozen Ground,0.027663391486721055,-0.4099477464087197,3
3779,Death Wish,0.4815633111543902,-0.11680280142854735,3
3783,"Love, Gilda",-0.29597156475087605,0.0824841725278831,1
3787,"Where'd You Go, Bernadette",-0.3037626279234042,0.2226362791690294,1
3794,First Girl I Loved,-0.6845116266001269,0.06363750830695031,1
3798,Meek's Cutoff,-0.6225774765707062,0.0448249626553037,1
3801,The Limehouse Golem,0.6250527256027691,0.602804290479255,0
3806,Star Trek: The Motion Picture,-0.4070096444778603,-0.003913555596129189,1
3809,Southbound,0.4215308845155242,-0.5431877512483019,3
3811,American Ultra,-0.1620779168031598,0.06880562235888807,1
3812,Hellbound: Hellraiser II,0.3817147463021647,0.2634859741071772,0
3816,David Crosby: Remember My Name,-0.5397947624114678,0.12604003114915818,1
3819,Marrowbone,-0.3842442072463732,0.027744563731409832,1
3822,Those People,0.04229092130072018,0.6234300610106281,0
3826,Red Dog: True Blue,1.0156619067665595,0.3828128314938668,2
3827,Assassination Nation,-0.074395596467899,0.04417640855942324,1
3830,I Remember You,-0.4951558596704976,0.08396855965039228,1
3840,Grabbers,-0.3979772827457221,0.02334005931645973,1
3843,Little Woods,-0.4012943101192347,-0.07772171990185943,1
3852,The 33,0.016844043163661754,-0.3240777975029012,3
3853,Mike Wallace Is Here,-0.2552879786148833,-0.013872374576856052,1
3857,The Man Who Killed Hitler and Then the Bigfoot,-0.5600863597066615,0.09084447402355536,1
3861,Toni Morrison: The Pieces I Am,0.8519748844946616,0.4796152117111585,2
3863,Dog Days,0.7981508992249522,0.2797328258997049,2
3864,Monsters and Men,-0.3653940042568488,-0.02654612796717009,1
3865,The Canal,-0.5557037227166766,0.11340406361989355,1
3866,Leap Year,-0.18775695981933216,0.00519185095743814,1
3869,The League of Extraordinary Gentlemen,0.037456094067074855,-0.3066103482947377,3
3870,Hello I Must Be Going,-0.3551137459848241,0.03524004301117202,1
3871,Two Trains Runnin',-0.3545094519537542,-0.1069474721670278,1
3873,Middle Men,-0.5678945882990163,0.03825939374314512,1
3876,Mom and Dad,-0.0026121389332602178,0.2101166665353533,1
3877,Touched with Fire,0.16444915855610326,0.5570793069476742,0
3879,Starfish,0.8383097931620591,0.0686801866125122,2
3881,The First Monday in May,-0.18528119025545053,0.003766584182654079,1
3882,The Miracle Season,-0.32701163942376754,0.015257619604024537,1
3884,Downsizing,0.2409528828172845,0.6778622432688837,0
3885,Lowlife,0.3649397275286552,-0.3831513216084834,3
3889,Universal Soldier,-0.014999901079695097,-0.35041165153813364,3
3892,The Bookshop,0.4388585236934152,0.5431251821857707,0
3896,The Ant Bully,0.7076047748652732,-0.07879388057278228,2
3897,Overboard,-0.4622284361331307,-0.0858108523346933,1
3899,"Nico, 1988",0.4790372619338901,0.06494872020202101,2
3903,Finding Your Feet,-0.3196100689604576,0.004074904445651732,1
3906,High-Rise,-0.34644828173747144,0.013728185914921564,1
3919,Scotch: A Golden Dream,-0.4278575493226847,0.051305798409223585,1
3920,The Prodigy,-0.5721297194652609,0.02322856759191689,1
3924,The Hustle,0.5604639677909118,0.02192676115568577,2
3937,The Osiris Child,0.9023291330799978,0.08638976683149191,2
3938,Friday the 13th: The Final Chapter,-0.3387515185556321,-0.10454124698655687,1
3941,The Escape,-0.4666284573885132,0.20002448074190046,1
3942,Where Hands Touch,-0.4686700140954175,0.14633167737113725,1
3946,Antiviral,-0.6548965158350816,0.10146293843429496,1
3947,Flower,-0.5226344118626974,0.0860634282606074,1
3950,Depraved,-0.3862310706669228,-0.14109577007142754,1
3951,Wonder Park,0.06254229870726638,0.7145699106130197,0
3954,We Are What We Are,0.0552807517399676,0.33454667701684765,0
3955,Hungry Hearts,-0.5770412838252743,0.03567339110016258,1
3958,Ms. Purple,-0.4957471561515973,0.1370851521527142,1
3962,Do I Sound Gay?,0.2520260713457344,0.2469817578198041,0
3972,Run the Race,0.15253602263597188,-0.6593085991954781,3
3981,Digging for Fire,-0.1856621218477055,-0.02002944597746208,1
3989,Damsel,0.4307897685127995,0.7101516261077291,0
3990,Killing Them Safely,-0.3182780582043043,0.0811079737199045,1
3995,What We Become,0.004394990230005057,-0.5745895027715198,3
3998,I Still See You,-0.2221233570802993,0.4234886460145634,0
4002,WolfCop,0.5201676023329916,-0.5796940556315506,3
4004,Pilgrimage,-0.1901355539319658,-0.09891350995671344,1
4005,UglyDolls,-0.04397096400081786,0.1309405121913205,1
4024,Proxy,-0.4062548843054706,-0.11201085337274667,1
4033,Golden Exits,-0.4544483011714674,0.07770391458127067,1
4038,Spaceship Earth,-0.389991544518657,0.04668052286824791,1
4048,"I, Frankenstein",0.05494120501581662,-0.5709218439118421,3
4054,28 Hotel Rooms,0.404849439755527,-0.4816902477626431,3
4062,The Numbers Station,-0.6057514911173285,0.08585788111229918,1
4065,Rags,0.36136219264258174,0.5606420157346731,0
4068,Legendary,0.7681774749441449,-0.6893607918255267,3
4075,Racer and the Jailbird,-0.2691358834233797,-0.13404528398838098,1
4082,Black Gold,-0.3594972180909549,0.05447339631470492,1
4087,Free Willy 3: The Rescue,-0.3148470136644713,0.19987235309106385,1
4088,Black Cop,-0.4065590303238099,-0.020423586034899525,1
4089,Vault,0.5486250882801443,-0.3901557358306815,3
4100,The Tomorrow Man,-0.5246304675624739,0.07971576567477914,1
4104,Bangkok Dangerous,-0.1419741230968403,-0.4518745261274525,3
4106,Girl Most Likely,-0.4046124426345512,0.011388293063579734,1
4109,Knives and Skin,-0.19156547108245106,0.1735357467621858,1
4111,The Strange Ones,-0.604007565747821,-0.04812418147824304,1
4124,Manglehorn,-0.1034681917015453,-0.21417604000342308,1
4126,Neat: The Story of Bourbon,-0.3595336648758269,0.0938528173297788,1
4129,The Mountain,0.4762310485075918,0.16048554396152115,0
4154,Raze,-0.2789933473112585,-0.11564086195236722,1
4162,Wrinkles the Clown,0.3141591070669972,-0.5428972211975612,3
4170,Lemon,0.7057297434144563,0.6857689992993979,0
4172,Radioflash,0.03541599328662013,-0.4624938496864701,3
4174,Strategic Air Command,-0.1888733308068584,-0.08578477284820052,1
4180,We Die Young,0.26485600229076545,0.571982458050913,0
4215,The Sound of Silence,-0.573174044419309,0.09637332483481338,1
4217,Ozzy,-0.22382993159206632,-0.005470035118234785,1
4226,I'll Come Running,-0.3906200235438369,0.004392765186474991,1
4239,Higher Power,0.1180259326965381,-0.4214157852876535,3
4261,Feral,-0.5296801223760433,0.11026323485780873,1
4267,Killers Anonymous,-0.4745836657958971,-0.03258754898389022,1
4283,The Disappointments Room,-0.3018182754659942,-0.14032149096463614,1
4303,Backtrace,-0.1206460633810946,-0.27677453991634904,3
4312,Curious George: Royal Monkey,1.1889560197193023,0.04010579112758726,2
4321,Let's Be Evil,-0.07572109684179887,-0.07651845013999665,1
4327,I Am Alone,-0.27686642544737605,-0.20714538594244208,1
4328,Julian Schnabel: A Private Portrait,-0.33070194681540965,0.11378003949578502,1
4331,Songbird,0.005237945647433596,-0.2981984120276963,3
4341,Random Tropical Paradise,0.19689791711533766,-0.6268657331954832,3
4365,Benjamin,0.24780794955234506,0.6317236207060877,0
4440,It's a Wonderful Life,-0.32173874729794605,0.22704136960955884,1
4442,Sunset Boulevard,-0.005791969603577015,0.5647016586949547,0
4444,Some Like It Hot,0.5991971298498534,0.6115655417969159,0
4448,Lady Bird,-0.4441629289942333,0.001037665297154788,1
4451,The Big Sick,-0.4740561366384663,0.04402867811828487,1
4452,Manchester by the Sea,-0.328441839893436,-0.08365577503128298,1
4454,Short Term 12,-0.19547236942365045,0.12603701492599248,1
4455,Thor,0.0997440122820716,-0.42644473804950095,3
4457,Night of the Living Dead,-0.2526968626143317,-0.07575675537270493,1
4458,The Machinist,-0.18165617473359716,0.6430084358899217,0
4462,The Disaster Artist,-0.2855263946217064,-0.01266275521976755,1
4463,Iron Man 2,0.4785405383934007,-0.4301825101431393,3
4464,Pi,-0.434499324929794,0.11796837580835985,1
4465,The Lighthouse,0.16653799039517803,-0.43601581666245537,3
4472,Charade,0.2523992793656753,-0.054042754810549404,3
4473,Apocalypto,-0.015830211094840445,-0.20106187118527688,3
4475,Eighth Grade,-0.08350102658142643,-0.2046365112400684,1
4476,Hereditary,0.2509778971090039,0.10868322036821912,0
4478,The Lincoln Lawyer,-0.084678660498225,-0.2326636314106593,3
4493,Pride,-0.38701025549488505,0.09929915998018056,1
4498,Tumbbad,0.11382844586099547,-0.6365422344495957,3
4499,A Man Called Ove,-0.2527802882966546,0.14764970821937004,1
4500,The Imposter,0.011156812775471887,-0.32268321017486795,3
4502,Midsommar,-0.036371502570503,-0.4709109603430862,3
4510,The Hours,-0.5500321767090581,0.07941589697344391,1
4512,For Sama,-0.4161836587759106,0.06077001208940379,1
4513,Sweet Smell of Success,0.021148321979931068,0.6780515076958318,0
4516,Lars and the Real Girl,-0.16397766313578865,-0.1410238199420542,1
4519,Bone Tomahawk,-0.4094007354454177,-0.10640685009136604,1
4520,Honey Boy,-0.17473122133983487,0.040177860199145606,1
4523,Paterson,-0.4835264217621681,0.03175097054716351,1
4524,Fiddler on the Roof,0.3723345624597688,0.6381464627166129,0
4527,Black Book,-0.2598904858368968,0.19772414463870824,1
4535,I Am Not Your Negro,0.2411454636345721,0.7214729090739089,0
4536,The Ghost Writer,0.214653450262857,-0.3731161806190929,3
4541,Indie Game: The Movie,0.6291116532656879,0.07795672293372179,2
4542,The Boondock Saints,-0.13196159692699935,0.4364820188334715,0
4543,Miss Sloane,-0.578485036230419,0.13084680344357671,1
4545,You Were Never Really Here,-0.3529230190691529,0.08751355905476572,1
4551,Fitzcarraldo,-0.2887899639974581,-0.056840738534056766,1
4552,The Big Country,-0.09133461561732142,-0.27202875845981994,3
4555,Arctic,-0.6046214167640285,0.053476192279173496,1
4557,Midnight Special,-0.3818248494909606,-0.0017341382983829465,1
4558,King of Devil's Island,-0.5050296103077883,-0.022253172568994308,1
4562,The Report,-0.37327576249005934,0.015217436710191509,1
4563,The Sweet Hereafter,0.2608798698961239,0.6602120091835918,0
4564,Dead Ringers,-0.44738490936251496,0.0073330908260683895,1
4565,Triangle,-0.4396042292411189,0.05478690814711439,1
4580,The Last Black Man in San Francisco,0.18827593293459108,0.6629817559499943,0
4585,Hellraiser,-0.4644822844767976,-0.015654334347202474,1
4587,Air Force One,0.07412649062592233,-0.10611719574013156,3
4588,Get the Gringo,1.1148388051597402,0.1217746841889575,2
4596,Dog Soldiers,-0.29693618840201114,-0.14507130701378815,1
4597,The Aeronauts,0.3432575295997017,0.6305730642175689,0
4598,The Lost City of Z,-0.4761727040498177,-0.01551312150050312,1
4601,The Endless Summer,0.6528948490572638,0.31506748416005903,2
4604,Holiday Inn,0.7328300435635655,0.5512599666120597,2
4607,Funny Face,-0.5367829116864763,0.1003184054183988,1
4610,A Most Wanted Man,-0.1927455229656775,-0.23569027331542136,1
4612,Frantz,-0.3321441808899088,0.20759456717568506,1
4615,Invisible Life,-0.5121559103271021,0.11287803558169995,1
4621,Brittany Runs a Marathon,0.6816134311396519,-0.3452692057810334,3
4623,What Maisie Knew,-0.22644058247718454,-0.03279440924143051,1
4624,Citizen X,-0.6393899902903899,0.0025477939607321397,1
4630,Heidi,-0.15811335234223878,-0.0929307526275807,1
4631,Better Watch Out,0.06939506760410621,-0.27237447201342224,3
4636,Marshall,-0.1339393686621866,0.4053609305916425,0
4638,McQueen,-0.08712845329769756,0.3522929658986945,0
4639,The Band's Visit,0.2440718855548686,0.5728791889060582,0
4642,Turbo Kid,0.7486286743833951,-0.5037765937363039,3
4643,One Child Nation,-0.5858459103796374,0.04452596750535595,1
4647,Disobedience,-0.7001703101588056,0.0368906150667943,1
4655,Priceless,-0.33116648435595597,-0.1309343840525139,1
4658,Late Night,-0.4663183799759792,0.11059044884276699,1
4664,Blow the Man Down,0.35845123851275346,0.8090920858016252,0
4665,Suspiria,0.5439227827252121,-0.41156435709005545,3
4676,Opera,0.5351782986347207,0.34517543894489505,0
4677,The Tillman Story,-0.15893063935231014,0.5169686556007678,0
4687,Sabotage,0.3479829908305244,-0.6420761461541074,3
4691,The Secret of Roan Inish,0.5896943488804727,0.7003144058465547,0
4697,The King's Choice,-0.3835764931540593,0.024245258555806226,1
4707,Dead Snow 2: Red vs. Dead,0.03784798349698062,-0.1273040352644796,3
4712,Draft Day,-0.6033232095625073,-0.006187826807697095,1
4716,The Battery,0.28797957538527863,0.4281957607230327,0
4718,"Don't Worry, He Won't Get Far on Foot",-0.5125202003446739,0.07482696268404168,1
4727,Dark Water,-0.4334827643005907,-0.12104474517829253,1
4729,Becoming Astrid,-0.6429463481313568,0.059704025455394376,1
4730,The Snow Walker,-0.5838207180053042,0.06485236030864819,1
4734,Rambo: Last Blood,-0.2298471147145845,-0.26912435326466216,1
4740,The Man with the Golden Arm,0.4722443546987128,-0.4480046380531997,3
4742,A Private War,0.2116514194138307,0.4788951954694509,0
4747,Last Days in Vietnam,-0.5312949014174957,-0.024915255612157426,1
4758,Grey Gardens,-0.5102110894377132,0.08605102816420973,1
4761,Macbeth,-0.4039231025741728,0.16525479649402594,1
4771,My Friend Dahmer,-0.599709175785692,-0.00046164180227655215,1
4803,Stake Land,-0.4304624778750851,-0.06774074544305556,1
4812,Like Crazy,-0.27811854076128,-0.04653261572997037,1
4815,Changing Lanes,-0.4770070462288088,-0.048095445123347264,1
4818,Agora,-0.5400925278725149,0.025403662884638425,1
4833,Troop Zero,0.1830630962314278,0.04263714376334162,0
4834,Salmon Fishing in the Yemen,-0.42545111139048,0.24431999451150266,1
4843,Maidentrip,-0.6220202344872345,-0.03206699299381356,1
4848,Last Cab to Darwin,0.1585189141213592,0.6012737468506781,0
4850,The Plague Dogs,0.4500811571364425,0.502974508745608,0
4856,Fan,0.568790013234406,-0.1656669914133778,3
4858,Light of My Life,-0.4123189373187402,0.008428630491484375,1
4879,The Long Riders,0.5422184421898002,0.4055819395844769,0
4880,Any Day Now,-0.6742458784928633,0.09997912227869436,1
4892,We Are Still Here,-0.35894227005825063,-0.11097987870024087,1
4896,A Girl Like Her,-0.07235583086288654,0.5734987679322505,0
4911,The Connection,0.7684284333960866,0.4321918217223412,2
4921,Fast Color,-0.06376487052070431,-0.3243449508346804,3
4923,Dick Tracy,-0.2721769430191228,-0.08354445478828912,1
4928,We Are Legion: The Story of the Hacktivists,0.5916880659559041,-0.4332502381832021,3
4940,Chuck Norris vs Communism,0.1113257307536547,0.03866211993783851,0
4945,The Hole in the Ground,-0.05355743016300762,0.18855676777750305,0
4962,The Midnight Meat Train,-0.03914919603461516,-0.21882250281270213,3
4981,Finders Keepers,0.8486311354463865,0.24819073731749844,2
4987,Mr. Calzaghe,-0.2232101649477643,0.009384151762560028,1
5001,The Vikings,-0.29945175333792035,-0.011917851589640642,1
5002,The Soloist,-0.3501225850899447,0.16247341074353291,1
5012,Apostasy,-0.5438119613638744,0.18422640747852803,1
5022,Next,-0.5590913995319844,0.1027906746123506,1
5025,Taking Chance,-0.5931294032199336,0.02802599778112013,1
5035,In the Soup,0.3491973234025884,-0.15066955954562078,3
5042,The Ultimate Gift,-0.5351519674450245,0.08755479827997001,1
5049,Admiral,0.32137447604086083,-0.4481356142047047,3
5056,The Fencer,-0.4207924255832553,0.02002176082583286,1
5059,Two Hands,0.4417654558593185,-0.12474983445785913,3
5068,Narco Cultura,-0.5935963908356776,-0.007339794233012483,1
5069,Harmontown,-0.3720240011085782,0.1326840832580579,1
5073,Tiger Zinda Hai,0.7972493667259174,0.3921195958186798,2
5085,Sweet Land,0.2285086792399547,0.06788492491294289,0
5093,Cash Only,0.4185367122535291,-0.4239057784190455,3
5095,Hichki,0.2596035456411293,0.6996404617476851,0
5106,Almost Holy,-0.35607091385902595,-0.003911527125242113,1
5108,Bad Samaritan,-0.43331205995823774,-0.1107841963967052,1
5114,Jellyfish,0.03611035005258238,0.44787912724549206,0
5119,Brimstone,-0.5822561186389212,-0.012003935532702143,1
5125,Hagazussa,-0.3026794908365969,-0.2639931331812413,1
5129,On Any Sunday,0.23475374694934745,0.06914114797520908,3
5131,The Children Act,-0.1954192810312773,0.16872509910013933,1
5136,Long Weekend,0.27416851816167953,-0.6000106317872534,3
5144,Gloria Bell,-0.4518468371933906,0.14061777178828322,1
5148,The Way of the Gun,-0.39622849820918254,-0.09710749618640058,1
5157,The Dark,-0.389600861584048,-0.09944636464020364,1
5161,Never on Sunday,0.3075055359948682,-0.1514815137669578,3
5162,The Gateway,-0.2794883074735722,-0.023708413911227525,1
5166,Palo Alto,0.5250785789380015,0.5040542092005683,0
5168,The Goldfinch,-0.4998861574671562,0.04772601051662646,1
5176,Photograph,-0.576567296346173,0.12631536261578255,1
5181,Unmistaken Child,-0.4820072707459618,-0.08589074485142861,1
5186,Always Shine,-0.6036528890744585,0.014016451627280687,1
5197,The Special Relationship,-0.4750151993446943,-0.011476123393974164,1
5200,Code Black,-0.3325177900683037,-0.09494909215612513,1
5227,The Big Kahuna,0.6604988827639999,-0.3569995814307594,3
5232,On Chesil Beach,-0.12761344415391984,-0.08736070536201059,1
5234,Beauty Mark,-0.5686508897502056,0.10084745298386763,1
5249,Destination Wedding,-0.3060904529304976,0.1270762695650375,1
5254,Big Sonia,-0.4267864925256935,0.03752893491344021,1
5257,Bad Hair,1.2498479808814031,-0.026113903511366842,2
5270,Bellflower,0.13795642102288855,0.7636721811571514,0
5274,Shifty,0.2604984236783716,-0.19800285820484712,3
5278,Is Paris Burning?,0.3862933691033569,0.5261625795267454,0
5285,Kill Command,0.2702254281940049,-0.5496918994120181,3
5288,Low Tide,0.0885721707241604,0.6417391184791149,0
5290,On Her Shoulders,-0.5510115807640426,0.045453870005149416,1
5291,Most Beautiful Island,0.04221969022323042,-0.5398314623948798,3
5293,The Son of Bigfoot,0.8767691131922429,-0.19167050219677556,2
5307,Birth of the Living Dead,0.9780621662361424,-0.015123080750187187,2
5314,Rob the Mob,0.36843781682673576,0.7596137920160337,0
5316,Possum,-0.3526705171155006,0.1877725836260797,1
5317,47 Meters Down: Uncaged,-0.09214967896151352,-0.539169417044511,3
5320,The Uninvited,-0.4525222600251629,0.1537844481697963,1
5322,Short Eyes,1.0104217880331332,0.27388433525207184,2
5324,Twins of Evil,-0.3094730938268618,0.001960590415143552,1
5333,The Young Karl Marx,-0.534263902494861,-0.015599282266151638,1
5363,Foxy Brown,0.24606726185580735,0.5885313189121884,0
5365,Cleanskin,-0.4623856490783372,-0.02619181795742535,1
5367,The Boy,-0.535820787771849,0.008734683021226472,1
5377,Evelyn,0.7893598618170652,0.5864433440557756,2
5381,Clear History,0.3257428298920668,0.07040390503130735,3
5383,Skin,-0.3741091807029056,-0.031377531303295535,1
5389,The House of Magic,-0.09398400862254387,0.04140470529453122,1
5390,The Words,-0.472573435897021,0.045725958982664135,1
5394,The Brothers Grimm,-0.2657699251979417,-0.12419529412131965,1
5397,The Kill Team,-0.3437166514749808,-0.04319414296010843,1
5446,Pussy Riot: A Punk Prayer,0.2144874895152545,-0.6044093084397315,3
5447,Listen Up Philip,-0.2387415153049429,0.013308275363696612,1
5450,Conquest 1453,-0.2335024484256696,-0.1003153162461738,1
5455,Japanese Story,-0.04800252276329192,0.4782516687296986,0
5457,Friday the 13th Part 2,0.09366542201314194,0.2500044610136601,0
5459,Some Freaks,0.2351329702071871,-0.3537785948811231,3
5466,What Richard Did,-0.37145287001505584,0.1500333959461155,1
5483,A Dark Place,-0.5103161047538833,0.010551440007124923,1
5497,The Possession,-0.37705738542139217,0.3077675479810797,1
5512,The Red House,-0.4288692065100339,0.04347073993854878,1
5518,Halston,0.7678784486413229,-0.5323329998678047,3
5519,Home Again,-0.03461825523086178,0.08027554797450223,1
5527,My Name Is Emily,-0.41432637686386425,-0.07422309887200998,1
5528,Cherry,-0.5290816191005014,0.02294872726843092,1
5538,Five Fingers for Marseilles,-0.4285979656338746,-0.03828545408267812,1
5549,Nancy,-0.4089222677265171,0.005738386158564565,1
5559,Joe,0.3039331738875605,0.5855551432195709,0
5564,Diverge,-0.4393444994182799,-0.047095549405393886,1
5573,Hired Gun,0.3761725843760645,-0.37752032827645227,3
5575,Food Chains,-0.12914924309897322,-0.0224986438804799,1
5583,Wolf Creek 2,-0.2016082744319586,-0.3870394435128389,3
5584,Computer Chess,0.0021250844404820048,-0.3270687415744609,3
5585,Transpecos,-0.11997481123547855,-0.2195136507534362,1
5588,Catch Me Daddy,-0.6246660307866518,0.05932800009449846,1
5589,Bharat Ane Nenu,1.2378022551871408,0.1531597683832305,2
5590,Adore,-0.4270501334876241,0.01216203989871485,1
5593,LBJ,-0.508832013124604,0.03916333438451095,1
5597,Embers,0.0002579649263784148,0.4493160442049591,0
5611,The Dentist,0.025031302092102987,0.5545829608470325,0
5613,Churchill,-0.5615846518151514,0.049084597544676346,1
5614,Garbo: The Spy,0.5063753518159952,-0.19008486013281967,3
5618,The Dark Valley,0.5404716053031811,0.5585665835274627,0
5621,Final Score,-0.57166934927511,0.046372409870941884,1
5654,Fugitive Pieces,0.05531461944724518,0.7401767089001577,0
5705,Boston,-0.613098329551676,0.0623135256587153,1
5712,40 Years in the Making: The Magic Music Movie,0.5491072397508148,0.5628730571072491,0
5715,Sex and Broadcasting,-0.19297784357063755,-0.05500858501873786,1
5718,Howl,-0.4863358968545059,-0.0022124788900181576,1
5719,Creation,-0.3564976334205752,-0.10977999887173973,1
5724,This Is Martin Bonner,-0.4135362724103472,-0.028144800633780158,1
5726,Free In Deed,-0.4578774904520349,-0.0049575064239808534,1
5747,The Rage in Placid Lake,0.8824680492619611,0.301947677725737,2
5752,The Nightmare,-0.4964332731446327,0.028368238705516826,1
5759,The Gruffalo,-0.29415662646507074,0.12162743737563016,1
5768,Bride of Re-Animator,-0.08098831749942445,-0.186753559121667,1
5770,1492: Conquest of Paradise,0.035746682530967515,0.10486288370974146,1
5776,Sirens,1.2106599888229737,-0.031413014135617,2
5795,Bodysong,-0.18153853029515354,-0.37435452484222426,3
5796,The Crescent,-0.17845631731398026,-0.23437323911369426,1
5799,For Those in Peril,-0.5358006245392968,0.1188631391670374,1
5800,The Greasy Strangler,-0.02266627802325973,-0.055516272785902855,1
5806,Siddharth,-0.3831666177941491,-0.011955946336560318,1
5813,Double Impact,0.7142230028540782,-0.4384853846003465,3
5829,Life,0.944958465368499,0.06289169943671065,2
5838,What Still Remains,0.21528700734133172,-0.5174770507768178,3
5845,Wind,-0.4283216598706602,0.16222219789134296,1
5856,Bridgend,-0.3353627714807847,0.14892016564054886,1
5862,Dangerous Liaisons,-0.0034678159710082104,0.3161730137415996,0
5877,Bottom of the 9th,-0.04583634940971782,-0.17515200001146713,1
5878,Stop-Loss,0.8011310540827379,0.2727695353665864,2
5890,Red Lights,-0.3948797311006688,-0.0890885646793282,1
5903,Bad Milo,-0.033816379258502866,-0.1820667505205744,3
5918,Bang Gang (A Modern Love Story),0.2671671248920747,-0.6177051969184277,3
5920,Ae Dil Hai Mushkil,1.0614752354413035,0.16876345114863844,2
5924,Coldwater,-0.6639188338003948,0.024883767221007463,1
5929,Peterloo,0.3116122109866033,0.7291596931827351,0
5934,Halo 4: Forward Unto Dawn,0.17209631989910387,-0.5275505502693147,3
5940,The Good Son,-0.4089981833963191,-0.03903491330537195,1
5948,Demon House,-0.5486215371996137,0.12103693705393227,1
5958,Loving Pablo,-0.012067012491856951,-0.1780661671047657,3
5962,Destination Moon,-0.29062994769083883,0.3088292984635078,1
5970,I Think We're Alone Now,-0.3279319654180505,-0.2530287921947061,1
5979,Edie,-0.29941940944237394,0.059585582810605976,1
5982,The Moo Man,-0.5012998029647764,0.08130487773865479,1
5984,Charlie Countryman,-0.5921762442989359,0.13387854885299824,1
5992,Free China: The Courage to Believe,-0.20613779225833126,-0.4117199538943934,3
5997,Garden of Evil,-0.1836634438742434,-0.26671990042351656,1
6012,United,-0.2398082453267909,-0.2965822189058186,1
6015,The Strangers: Prey at Night,-0.1974820416743561,0.07147063717207304,1
6027,Numb,-0.24370715703440005,0.04165640586479896,1
6028,Serenity,-0.2242959746020226,-0.2268543315439816,1
6032,Seberg,0.14676381552487697,0.36194441798214,0
6046,Rememory,-0.44789139631832336,-0.0388060845830861,1
6050,Yardie,0.02078423105172049,-0.44538092793184814,3
6061,The Human Resources Manager,-0.18707117456669334,0.0804139754971958,1
6073,Kaththi,1.1883557555484552,0.12238424019363453,2
6081,The Only Living Boy in New York,-0.25259932014272224,0.007692264646345519,1
6122,Hunter Gatherer,0.8689543298909667,0.3968012715567276,2
6135,Backstabbing for Beginners,-0.052981434280903315,-0.3222879708765171,3
6137,Infinity Chamber,-0.2328403069321005,-0.21641801287131227,1
6139,Herman's House,0.02893532688152505,0.4479583008371483,0
6140,Tracers,0.5580781056967956,-0.6630821117741711,3
6147,The Mighty Macs,-0.3737609950201748,-0.049912238940757726,1
6157,Goodachari,0.5945058754018278,-0.3462380597107594,3
6160,Sharknado,0.04425911429207157,-0.458392843465946,3
6165,Young Ones,0.030317996868996937,-0.259293727961889,3
6190,The Saratov Approach,0.07654650395602633,-0.19465194617451367,3
6192,Last Rampage,0.05915945247250955,0.69081128312371,0
6195,Extinction,-0.5499137630566969,0.05495011335204753,1
6200,The Gruffalo's Child,-0.1903862729927157,0.19434750294437636,1
6201,Maniac Cop 2,1.0597454496851777,0.05431725833751742,2
6202,Edmond,0.4412690726757347,0.5577734328156645,0
6205,"Westwood: Punk, Icon, Activist",-0.6766775936232512,0.032649240238388534,1
6215,Wah-Wah,-0.3474547225632171,-0.0637106452250462,1
6246,Gone,-0.2595260195076051,-0.27016588191450697,1
6260,Zog,-0.4178287084080278,0.06254676057519458,1
6262,Bliss,-0.5821270846317379,0.011248509157525052,1
6280,Mondo Cane,0.20681887541558008,-0.25999674394715555,3
6313,Healing,-0.4642743400343928,0.21132832745768665,1
6337,Beneath the Harvest Sky,0.8846168832394933,0.019918812794374238,2
6348,Trafficked,0.2638100848856601,-0.5313043139931749,3
6351,Voice from the Stone,-0.40398113584305095,-0.033488949997184235,1
6360,Ishqiya,0.633042587481592,0.3754342638524104,0
6376,Forbidden World,-0.04218000597229001,-0.2216190329511869,3
6381,King of Thieves,0.4187084117239452,-0.5502335032154055,3
6393,White of the Eye,0.7968477398088459,-0.2837621769026421,2
6398,Malevolence,-0.3613535829084142,-0.06517859962819099,1
6400,Autumn Lights,-0.4219652380486101,-0.04633081354470288,1
6415,Teenage,-0.18720822087055786,0.07395847510070203,1
6420,The Lost Arcade,0.4745034105754663,-0.5014937541200967,3
6436,Summer,-0.6403730941903101,0.11647900818781615,1
6439,Stick Man,-0.09568279823005499,0.0967964738631954,1
6448,Down to Earth,-0.4683164058437221,-0.07702652573795582,1
6460,Angelica,-0.5269771365175518,0.0491544935546585,1
6463,Trial by Fire,-0.6694651847383815,0.07720126491399516,1
6466,The Song of Sway Lake,0.4701761082749753,0.7340207621485774,0
6482,The Light Thief,-0.4743835353902848,-0.08708391816586683,1
6491,Casino Jack,-0.19428767906619734,-0.13942934289895825,1
6494,In Dubious Battle,-0.0883953813699569,-0.112918750803606,1
6498,Khumba,1.312831444241627,0.0550149312079656,2
6499,Regression,-0.4596574175076543,-0.02461829216803136,1
6524,"I, Anna",-0.3682815694950956,-0.08050512693904356,1
6525,Bigil,0.5305651162637103,0.4776008697866089,0
6529,Half Light,-0.05327222088291796,0.254432248961716,0
6560,Wish Upon,-0.5214725569280295,0.06904338763775766,1
6579,Ava,0.3568282719730405,-0.5937384655940423,3
6589,Another Happy Day,-0.601286518754648,0.10771192092647937,1
6598,Brick Lane,-0.4006881792847298,0.07874423751589996,1
6601,The Heart of Man,0.0650903086498941,-0.5666660970140748,3
6605,Mythica: A Quest for Heroes,-0.3779078073344796,0.0031246261780386317,1
6614,The Mind's Eye,-0.2679247234513128,0.06853504921563397,1
6617,Outcast,-0.18070347393748595,-0.2778600016890618,1
6676,Addicted,-0.40075329259688197,0.029062303859324762,1
6687,Fanny,-0.02687799016511492,-0.1604670031502326,3
6701,Free the Mind,-0.2949278184815263,0.0451408000825248,1
6726,Uttama Villain,1.062127159515021,0.010522632945742835,2
6727,Slice,0.4387769968420347,-0.7900746640362655,3
6731,The Challenger Disaster,-0.4437952279614847,0.09312032673059466,1
6752,Robot Overlords,-0.23445181810716145,-0.11906433536760175,1
6754,Bait,-0.5835915528248553,0.11399840076720588,1
6763,The Last Warrior,0.3343500958770713,0.3662164500060919,0
6772,Walt Before Mickey,0.5399148890307541,0.4714638957778226,0
6774,Day of Anger,0.4584169752940997,-0.4332404428445073,3
6785,All I See Is You,0.30291763357483525,0.5282516882251194,0
6786,Pressure,-0.4712715754835344,-0.0933935912314256,1
6798,Grand Theft Parsons,0.05422599852138592,0.2601662839373668,0
6812,Anguish,-0.3060532172139392,-0.1907611253568775,1
6850,A Midsummer Night's Dream,0.23559350557282935,-0.574332851831129,3
6859,The Frame,0.31463754399836585,-0.4705647360783968,3
6867,Strangerland,-0.581581239822256,0.11426844582570155,1
6871,Blood Ransom,0.06809998972383463,0.6738689876704308,0
6881,All Summers End,-0.36180559633146253,-0.1067073532523535,1
6887,Sabata,0.3304176870406323,-0.2678178468642355,3
6893,The Ultimate Life,-0.4990318177807014,0.007181546665463966,1
6990,Why We Ride,-0.4373897142371588,-0.0030685915448548035,1
6991,Befikre,1.069939618916597,0.04590467114037326,2
6992,Ben Hur,-0.5239973147629661,0.016795925428481934,1
6994,Master,1.0441787110972751,-0.08829581190476511,2
7016,Age of Heroes,-0.0843371892381786,-0.09716466898675367,1
7021,Geronimo,0.8596938815498238,0.26369002339017833,2
7027,The New Radical,0.36862904339584796,-0.6916309155928467,3
7041,Sodom and Gomorrah,-0.12124129329804913,-0.1648540909489017,1
7044,Jackals,-0.3604386309960929,-0.26831065801953435,1
7057,Rage,-0.5935325047229393,0.02697943611067075,1
7058,Faith Connections,-0.23422581676601534,0.01779287806330609,1
7072,Zorro,1.0353202054267585,0.0821244207537283,2
7080,The Tamarind Seed,-0.35201275785244684,-0.0779998163699386,1
7092,Retake,-0.3966925456643948,-0.0022512819315632765,1
7109,The Last Sin Eater,-0.21181878948979602,0.11655516237425748,1
7113,Crocodile Dundee in Los Angeles,0.3205968401076669,-0.6562438859958308,3
7115,Backlight,0.24179440007044464,-0.5288394394453019,3
7119,Sicario,-0.2936279115887466,-0.20509762903119474,1
7137,The Solitude of Prime Numbers,-0.6465830166676708,0.039696891322447365,1
7150,Salam Neighbor,0.3881641981680661,-0.4996887602472996,3
7154,An American Affair,-0.4655766573870677,0.06557376433296268,1
7160,Somewhere Slow,-0.2992748858100002,-0.06313623224518138,1
7164,Red Hook Summer,-0.2712115422260312,0.16803397290310654,1
7166,Escape Plan 2: Hades,0.3339971090945387,-0.6998375321462342,3
7173,Kissing Candice,-0.37037799006345545,-0.0653598269770754,1
7177,Up the Creek,0.9015284092288196,0.4316011619045918,2
7198,Eaten Alive,0.935614889877648,-0.3995557022166562,2
7206,Dear Dictator,0.2006604122429121,0.10505282587830243,3
7210,Tomorrow,0.04476777931874335,0.533224898160095,0
7212,Nostalgia,-0.4689206580275147,0.05739416287654817,1
7241,Iru Mugan,1.2661943521289485,0.16274980906789505,2
7248,Morgan,-0.4924593739392693,0.22072159596283605,1
7260,Abattoir,-0.36131531539738587,-0.1839673873325047,1
7266,Li'l Abner,-0.004135132547608528,-0.11585421933194395,1
7272,Robotech: The Shadow Chronicles,-0.11982764736739565,-0.1644862461690552,1
7273,Shadows of Liberty,-0.0007410500369901049,-0.5770855351666235,3
7277,Old Gringo,-0.6210647426193989,0.06593410512199221,1
7279,Made in France,0.3112480726705052,-0.45496008621889894,3
7283,Shadowlands,-0.16149281952253314,0.7510097672544304,0
7286,The Lesser Blessed,-0.2184979078771156,0.08635682711908425,1
7312,Black Beauty,-0.5944329441741885,0.1140248568718803,1
7376,Postman Pat: The Movie,-0.31179237342561794,-0.005996643801738507,1
7386,The Eagle,0.6799304118251907,0.4243816002584949,2
7390,The Night Visitor,-0.05728294760059512,-0.0940158867324085,1
7395,Veeram,1.2660701379901116,0.1792583517662192,2
7401,Despite the Falling Snow,-0.7029212060206561,0.0607976975866623,1
7405,Three and Out,-0.030967667320571088,0.7348256670757894,0
7442,Arcadia,-0.6665775726949335,0.05898433120763226,1
7458,Starcrash,0.7105124160768265,0.026142669987186545,2
7480,Butterfly Kisses,-0.5511758994756567,0.06545415794322196,1
7490,Eichmann,-0.5260389146120641,0.10255588820785212,1
7507,The Matchbreaker,0.4480890630852257,-0.5479049606274893,3
7516,The Entitled,0.037581979921794136,-0.3013672077163786,3
7522,Broadway Damage,0.5439983540633212,-0.3636745803863449,3
7583,Turkey Shoot,0.07543695802255014,-0.32177118552924994,3
7585,Rubberneck,-0.5650274904822333,0.07084855360717822,1
7649,Winter Ridge,-0.4447274291980741,0.056753659862396735,1
7651,Radio Dreams,-0.043312364404140435,0.3679113739353001,0
7657,The Trouble with Bliss,0.9898872566642516,0.14352500095373366,2
7664,Jackboots on Whitehall,0.13282266702438764,0.6713347735819929,0
7674,Contraband,-0.2750557557231434,-0.056113223314599024,1
7690,The Celestine Prophecy,-0.4934027744387287,0.030901559563963,1
7700,Mirzya,1.0942954003208367,0.07086741472264818,2
7722,Personal Effects,-0.4820245865890335,0.10694322641162464,1
7725,Kids in Love,0.20094656383114576,-0.5422498397239861,3
7748,Slender Man,0.24445021435065625,-0.639759115611364,3
7759,A Light Beneath Their Feet,-0.6367429900804639,0.051845726077395834,1
7766,Some Kind of Hate,0.04525522340748036,-0.4840726163269861,3
7770,Bob and the Monster,0.24126576755283705,0.6333492183649895,0
7807,Crawl,-0.4485716080155264,-0.10176638745380406,1
7819,Housewife,0.4545058485826035,-0.6454594829333969,3
7846,Mickey Virus,0.7394995398401002,0.2753933433118711,2
7849,Art of Darkness,-0.29975971876442725,-0.15576279598464174,1
7853,Care,-0.13555497446647471,0.5698591099809136,0
7855,The Barn,0.5124093727113226,-0.6704671886142396,3
7863,Shiver,-0.2745105884886609,-0.13403698864411587,1
7866,Yumeji,-0.08588641404250152,0.22153017520891105,1
7867,The Old Man and the Sea,-0.2662739289833696,-0.054078892705737534,1
7874,Mi America,-0.4930864363879358,-0.027802367979282955,1
7894,The Poison Rose,-0.6148865683487715,0.09892636063560947,1
7905,Altered Hours,-0.5857271266120246,-0.0558808560007072,1
7908,Tiger Girl,1.22512810769794,0.0210038283597064,2
7909,Girl on a Bicycle,0.7236540346784418,0.4633703556519953,2
7915,Refuge,0.06370216492450967,-0.34965807336927,3
7925,The Butterfly Tree,-0.2021510087960614,0.4465678904563515,0
7926,Black Water,0.12138247731630125,-0.5811952404833376,3
7927,Lingaa,1.1466873206701362,0.14271841021543435,2
7935,Black November,0.15668989243179512,-0.3412401856473632,3
7986,Fear,-0.1146178108200381,-0.39515273870231626,3
8012,Awaken the Shadowman,-0.6243367296892597,-0.02553017809896503,1
8017,Cutterhead,0.16937919893246633,-0.5668264288049797,3
8032,The Horde,-0.010619486025159079,-0.4749417222917142,3
8054,Vendetta,0.049235828225251264,-0.3481258016202622,3
8058,Green Is Gold,-0.3474619302572479,-0.021816608704226092,1
8060,Neverlake,-0.4003881093757986,-0.0438144473005917,1
8095,Inseparable,0.592309524151422,-0.5502071612660617,3
8102,Eloise,0.6045003348600244,-0.5566072143220555,3
8120,Between Strangers,-0.551309141504391,0.06291565756949814,1
8121,Princess Cut,-0.1935481334987964,0.2291059783004259,1
8161,Chicago Overcoat,0.4886287608103155,-0.6416193334878479,3
8181,Together,0.6662254519138804,0.5886120286520226,0
8261,Nova Zembla,-0.2161337934913696,-0.007255746918791749,1
8263,Nemesis,-0.3937380380088544,0.19819506325845204,1
8303,American Dreamer,-0.4849987690441087,0.06882759850703786,1
8309,My Pet Dinosaur,-0.17163758938745172,-0.12542843660283515,1
8333,Show Dogs,0.3544969949982289,-0.5179661050800773,3
8352,Countdown,-0.6702763303466849,0.10658017910782862,1
8364,The Other Boleyn Girl,-0.3882036451785468,0.06769980019242201,1
8377,Love Between the Covers,-0.6024967508068609,0.12158864577144733,1
8402,Andaz,1.0508771068958018,0.3049661161564273,2
8417,Formosa Betrayed,-0.5697690976897227,0.01961463032276653,1
8430,Miles,-0.3685338235323109,0.003931143023113994,1
8442,Bharat,1.1937798882153785,0.025694055207894983,2
8478,Green Ice,0.8914848363249072,0.24792304845660976,2
8498,Crossing Point,-0.07043355864283447,-0.4078143388517413,3
8512,Last Man Club,-0.3884506117397902,0.2457830286094473,1
8517,Pickings,0.4258549653864297,0.5713960993951985,0
8559,Vixen,0.7361084727987861,0.3550484284750842,2
8567,In My Sleep,-0.4207543611721924,0.10186132847071933,1
8573,Noelle,0.2457138392974069,0.5482347755209229,0
8578,Beneath,0.9197474021318812,0.06324178942268993,2
8587,The Big Squeeze,0.7333137969263978,-0.46474945775658294,3
8597,Just Getting Started,0.5535988751758055,0.4660072426292899,0
8603,The Curse of Sleeping Beauty,0.030622230170668924,0.6728953704766492,0
8639,Parasomnia,0.2760300202418369,-0.12683538282855042,3
8657,Vai Raja Vai,1.0344981096956332,0.1059753508301118,2
8661,"We Love You, Sally Carmichael!",0.061818462289659676,0.5876816213384854,0
8703,20 Weeks,0.008619396855878909,-0.11846030616698792,3
8729,Copperhead,-0.4820605406991009,-0.011749090684338508,1
8743,Wetlands,0.7070597610920787,0.3641142733650957,2
8751,Mother's Day,-0.3298328378050077,-0.1907881739060981,1
8902,Running Wild: The Life of Dayton O. Hyde,0.5451313313096561,0.16748636194725505,0
8975,3,-0.25586608669265953,-0.1933563638153029,1
8980,The Jade Pendant,-0.3085694942363669,0.1212742585291889,1
9006,The Maid's Room,-0.6135101109755614,0.11358409825008033,1
9012,A Dark Reflection,0.5574819209498015,0.040463032220965006,0
9038,Anonymous,-0.5596470865657122,0.09051030739279507,1
9056,The Ultimate Legacy,1.0894675243065823,0.0149336669307186,2
9074,My Lucky Star,0.837834805198384,-0.011150630717651398,2
9107,Pig,-0.4892067463011025,0.006988786961029424,1
9149,Salt and Fire,-0.41594591362802935,0.15203237153542631,1
9162,Camp Cool Kids,0.6396296700724778,0.5724292467478314,0
9182,Black Creek,0.1818481029319728,-0.4448941052945536,3
9187,War,0.3431626987779456,-0.3891993162510897,3
9203,Cause for Alarm,-0.272325325391894,0.010309122301163156,1
9216,The Bronx Bull,-0.11533052648322825,-0.3237206221220344,3
9217,Darkness Falls,-0.24678046660535435,-0.3715120213799264,1
9218,Frank vs. God,-0.4568710814168549,-0.07703743129410652,1
9237,Birds of Prey,0.5599723363566368,-0.7589936677326496,3
9252,Blood Feast,0.6690281112458439,0.0085582380311786,2
9333,A Date with Miss Fortune,0.129483704580064,0.6846275725450577,0
9343,Beast of Burden,-0.27727256724485194,-0.21664648959968968,1
9363,Allies,-0.02788746540151233,-0.011004726926227596,1
9385,City of Gold,-0.2636789472245553,0.039667581693180264,1
9427,A Rising Tide,-0.10745525930676572,-0.35015247169091607,3
9434,Gangster Land,0.30727468837021976,-0.2347076331110235,3
9482,Full of Grace,-0.4195286476738888,0.09219920422381177,1
9535,The Wicked Gift,0.5410078569003005,0.03649678686317034,0
9559,Wildflower,-0.402995493244228,0.20249587197517466,1
9587,From Inside,0.1569082623365699,-0.4692172094267482,3
9622,Long Nights Short Mornings,0.5167454366630926,0.3810259049040653,0
9651,I Am Here,-0.5824546876084956,0.020531385557941616,1
9702,A New High,-0.6048912740375193,0.05741486344174487,1
9715,Ghosthouse,1.320147988781876,0.02031670728893968,2
9724,Atone,-0.19480110338926876,0.04495006682986732,1
9765,Future World,0.554753720097984,-0.4571659487191711,3
9782,Bernadette,0.2700409934435825,0.04223976210103311,0
9806,All's Faire in Love,0.759556209173848,0.2704930051347938,2
9843,The Lion of Judah,-0.4057461678478487,0.10811050130436554,1
9883,The Divine Tragedies,-0.546859238442698,-0.00627635755188366,1
9889,The Giant Spider,1.1998761714075281,0.15776502394841618,2
9943,Vigil,-0.6073734279650351,0.053888523469016715,1
9963,Dinotasia,-0.020013183576197517,-0.29230181300337565,3
9966,Pablo,-0.2574012437528501,-0.0301348310080514,1
9978,One Shot,-0.4806668094263137,-0.07119172533548936,1
9990,The Mason Brothers,0.1846680596564526,-0.4034237882910942,3
10095,Deadtime Stories,0.7935741716782279,0.4082642182837262,2
10106,Drive Hard,1.0847438888537642,0.03679410882763463,2
10217,Nerve,0.6683185364959952,-0.5097412705644946,3
10229,American Violence,-0.08841061689539817,-0.5755271245820157,3
10293,The Highest Pass,0.32319927344277577,-0.26507442045167945,3
10326,What Happens Next,0.3091826258416551,0.5881029382733263,0
10348,Tonight She Comes,0.288972716729246,-0.6705685402583662,3
10390,Hard Boiled Sweets,0.7134581747365366,-0.6775764039501789,3
10434,Hidden Moon,-0.4381876086897929,-0.026835827786073463,1
10437,Free Fall,-0.21315580642689375,-0.014085580299127862,1
10459,In the Blood,0.592824780339032,-0.4788288499299037,3
10461,Love Eternal,0.09924140430806863,-0.04777907695402005,3
10498,The Pineville Heist,-0.17925306861813656,0.40572027094545293,0
10520,Good Enough,-0.30464091271729543,0.13356755237953513,1
10528,Mandie and the Cherokee Treasure,-0.19978440199368286,0.15046843736838614,1
10581,Big Bad Mama II,0.6292835593440739,-0.410310105964261,3
10605,Ghosthunters,-0.5552344135050796,0.0037528516229279225,1
10667,Tommy,-0.2122606806925504,-0.3177263066221662,1
10669,"Sincerely, Brenda",-0.480026162253794,-0.016939843471476108,1
10700,Cassidy Way,-0.5138233834548898,0.0677001069933014,1
10749,Beneath the 12-Mile Reef,-0.259689011498633,-0.15852642016149118,1
10752,The Taming of the Shrew,0.6296785209540119,0.5494950821642564,0
10765,Eternal Salvation,0.5720105569390329,0.47186027634019,0
10879,Such Good People,0.6812373863255183,0.1620035552864426,2
10899,Swami,-0.16478809049508825,-0.08878706190090108,1
10905,The Pagan Queen,-0.43276877597314783,-0.02422712765096913,1
10910,First We Take Brooklyn,0.15763954780550116,-0.4232996172034332,3
10987,Trigger Point,-0.0053465751328574925,-0.21483193943226275,3
10994,Varan the Unbelievable,-0.01827448092329721,0.1602397505478583,1
11027,Come Morning,-0.6394443743209818,0.06990400530871277,1
11068,Horsehead,-0.23217076444419735,-0.20291328917090812,1
11070,The Banker,-0.2562855787905801,0.12003248415000024,1
11124,Mercenaries,-0.015524098180340866,-0.16381227791199035,1
11133,The Unwilling,-0.4062525491998606,-0.11974776785731225,1
11164,Blinder,-0.3160778341993965,0.12372710528650603,1
11232,Dinosaur Island,0.8053184582436199,-0.07421135386720283,2
11252,Lobster Cop,0.3735556765549441,-0.4946907200973296,3
11271,Tracks,-0.4620167745265535,-0.056628535146269934,1
11384,Cherry Tree,-0.4492993988557522,0.013433205945674974,1
11398,The Bakken,-0.09665187460957332,0.029346550617534644,1
11401,Trace,0.5629423436343629,-0.48008247925801395,3
11403,Hope Lost,-0.7239181036903395,0.044240474498628606,1
11469,Retornos,-0.3753915964826182,-0.05685265280263685,1
11474,Stash House,0.08276638496771062,-0.5092965932542752,3
11487,Life Guidance,-0.2722924034542806,0.19283387833651885,1
11493,Alter Egos,0.6863103719371696,0.4889152114439072,0
11494,The Night Crew,-0.04704121642525656,-0.2166156608366236,3
11507,Everything's Jake,-0.3378473481465585,-0.16770359631604476,1
11551,The Rendezvous,-0.4305895111503683,0.0011050932473264231,1
11625,Munchie,0.3982720137327481,0.07510593248533268,0
11643,Lost for Words,0.06707992274880042,-0.4146497646512605,3
11661,Virgin Witch,-0.29510863399292325,-0.04132642865718674,1
11685,Six Gun Savior,-0.09514628755326324,-0.2973739846876993,3
11726,Once Fallen,-0.1191849604307967,-0.1272964113028174,1
11757,Dead Souls,-0.34594160891929115,0.08559479071097689,1
11773,Lizzie,-0.5757847270482063,0.03936490017582446,1
11805,Kaashmora,0.6561426406998193,0.5287978754893409,0
11896,Huk!,0.17766227074331406,0.4763035598163234,0
11897,The Doll Squad,0.8624034251583433,0.32238647650788194,2
11918,The Borrowers,0.22953344304217044,0.6518286156239181,0
11920,Sorceress,-0.25504961136360016,-0.17208806916274705,1
11940,Remember Me,0.15465990308925825,-0.2300180549686289,3
11957,Chu and Blossom,0.18104366901462488,0.1948743636357704,0
12020,Hired to Kill,0.26532026182620905,-0.16890268037663606,3
12029,Suicide Squad,0.2610182179290164,-0.5606885953359326,3
12050,Operator,0.1321150300388607,0.6319189916644832,0
12110,The Dead Matter,-0.5215273111826931,0.25452788171049395,1
12119,Hollywood Musical!,1.1398891601711747,0.04020652342360812,2
12141,Barracuda,-0.3285409568753463,0.01873093244133614,1
12290,Aap Ki Khatir,1.2352688751312098,0.08154454082339264,2
12303,Manos: The Hands of Fate,0.004234194523852418,0.79859770503404,0
12312,Shattered Sky,-0.08348931364442222,-0.22232695752315235,1
12372,Hope Dances,-0.07002852787725175,-0.11280108351367843,1
12401,Nightmare,0.08227781220479916,0.2904691484356176,0
12434,Clowntergeist,-0.3928373015810712,-0.2427973211203204,1
12453,Within,-0.35998965287086765,0.252800301258042,1
12463,Kickboxer,0.30407203273673283,-0.647384029988356,3
12475,The Bunnyman Massacre,-0.04887723282567085,-0.4774696984966499,3
12488,The Last Stand,0.18897159916649656,-0.4873149584683579,3
12524,Tales of the Riverbank,-0.4033842351795978,0.11469445833050355,1
12530,Counting for Thunder,-0.27403716762958186,-0.04782182977774014,1
12533,The Marksman,-0.4908739780001665,0.15593937891341736,1
12764,Christmas Break-In,-0.003346162333342795,0.12721959012121878,1
12772,Dawn of the Dragonslayer,-0.01157850356228362,-0.5401249419545464,3
12846,AWOL-72,-0.15429107539791995,-0.33021337022145786,3
12923,Chaarulatha,0.4243411781952604,0.5044633278965011,0
13000,The Red Man,0.7498148856897867,-0.23030213342956266,2
13088,Don't Hang Up,-0.10623358686452836,-0.3304673796526621,3
13097,Coming Home,-0.6470103648169419,0.05338889421103595,1
13129,Zombie Night,0.055477677143955635,-0.2364543848722315,3
13138,A Doggone Hollywood,-0.18322447207669626,-0.09801306809089508,1
13163,The Third Day,-0.2790936925198529,-0.15603060833361496,1
13178,Stasis,-0.3961055187032055,-0.06730310483348137,1
13238,My Little Sister,0.14096770115636945,-0.5277482060201013,3
13296,Disconnect,-0.3418223960933292,-0.2241074067770464,1
13396,The Callback Queen,-0.5920464227830436,0.15552863591435442,1
13490,Rats,-0.3655791894276808,-0.14849496153942265,1
13497,Anna,-0.5896648008689961,0.035877676521114565,1
13529,The Fuzzy Pink Nightgown,0.4786495482915062,0.44700511172226703,0
13538,Truth About Kerry,-0.21437279942043985,-0.2547812439637038,1
13602,The Corrupted,-0.21573501596980646,-0.1351546194630765,1
13618,Splintered,0.0034914983469110923,-0.2344937823478489,3
13733,The Harrow,-0.3348371560830254,-0.07676206362333618,1
13734,Deserted,-0.3176260674467268,0.10643642215777982,1
13855,Inhumanity,0.29719402237728426,-0.4712194252496774,3
13874,The Bench,0.4109264374753012,0.4264560040527358,0
13912,Coyotes,0.956222507233212,0.09689955156207816,2
13940,Chasing Grace,-0.484589365809292,-0.05311231362532373,1
14055,The Land That Time Forgot,-0.06855011260818902,-0.3627371085823488,3
14063,The Speed of Thought,-0.6034240810815082,0.037757313670993234,1
14065,Alienated,-0.06726472725386383,-0.092065683084952,1
14110,The Veteran,-0.23613082359247356,-0.040068188470127435,1
14186,Streets of Rage,0.42511543203337293,-0.6725134111652261,3
14193,Ghoulies IV,0.3118470792325255,-0.5021396823895381,3
14220,Demons,0.8358222306093872,-0.5633717248079902,3
14251,5 Shells,-0.03814329433155051,-0.2075553837611118,3
14304,Polder,0.5518428650982501,0.5505149870622348,0
14430,A Doggone Christmas,-0.2977834773593065,0.05370443271390277,1
14453,Scavengers,-0.1697043657245167,-0.3747375731838537,3
14472,Armstrong,-0.6344387676067318,0.03680748118974224,1
14611,She Demons,0.7740347615772621,0.6888490344636078,2
14659,True Love,-0.6052050890043704,-0.0076795166123616535,1
14685,Nobody,0.12222208473751545,-0.6129416761854323,3
14738,The Bystander Theory,-0.3175874294873477,-0.030764824788344025,1
14746,Puss in Boots,0.6066327114470329,-0.5560755257714045,3
14859,The Good Shepherd,-0.1223604802818398,0.1250608480685401,1
14954,Get the Girl,0.4730071649979022,-0.4613137004350684,3
14960,Deep in the Darkness,-0.5542768150682842,0.034786782401015834,1
14989,Raised by Wolves,0.17783011162911172,0.092418564883529,0
15015,Drone,-0.4907297718381612,0.23203929211356386,1
15166,The Culling,0.08505548858170855,-0.5454687018769784,3
15277,Army of the Dead,0.8137893550725833,0.14302910164009044,2
15298,Game of Aces,0.035918683854993624,-0.3545728869546499,3
15329,At All Cost,1.3844894678241186,0.02452445199822732,2
15447,Igor and the Lunatics,1.0399886614518132,0.07654706944491181,2
15473,Time Lapse,0.4812488685344602,0.07530212420765177,0
15546,Bela Kiss: Prologue,-0.3822569020928757,0.10576242710475092,1
15590,Creep Van,0.369007486025969,-0.5613048294977571,3
15697,Attila,-0.019797184380734464,-0.3752733092797377,3
15726,Satanic Panic,0.07159820264382354,-0.1855924366028896,3
15787,Bone Eater,-0.14222526707086275,-0.005167548136221382,1
15795,Contract Killers,-0.0444471490839555,-0.4062379151000423,3
15888,Sunshine,-0.4306342395273722,-0.08390712393910706,1
16089,Cowboys and Indians,-0.4195011315487516,-0.08393088199994607,1
16133,Junior,0.4464214393355622,0.4248712368488498,0
16215,The Lion King,0.36566512528881,-0.218604881680054,3
16216,Toy Story,0.5167677106912693,0.6261372969413278,0
16217,Avengers: Endgame,-0.029278257482532426,-0.4346917892939504,3
16219,Up,-0.3988020015650866,0.2031381845187507,1
16220,Guardians of the Galaxy,0.11198039024289108,-0.09924101965195756,3
16221,Finding Nemo,0.010703320552400412,0.3337030120675973,0
16223,Toy Story 3,0.983749883588832,0.3816533540263855,2
16224,"Monsters, Inc.",0.3894252117815057,0.1013706835117392,3
16226,Zootopia,1.0872489848195683,0.07470148264628379,2
16229,Thor: Ragnarok,0.6083468786146253,-0.3122991555106453,3
16230,The Princess Bride,0.15359782582249806,0.5856928008000257,0
16231,Ratatouille,-0.4676100000520988,-0.00037854293992287705,1
16234,Toy Story 2,-0.4378381328356858,0.13419122737594508,1
16235,The Incredibles,0.34141267106655804,0.0044284188313827326,3
16236,Pirates of the Caribbean: The Curse of the Black Pearl,0.3754885275617319,-0.6833357077479612,3
16237,Avatar,0.5833001270295552,0.2911358655849101,0
16238,Big Hero 6,1.2890994261477222,0.014603550652832937,2
16239,Doctor Strange,0.8141073958450106,-0.0774036399449988,2
16241,Rogue One: A Star Wars Story,-0.12334949513203453,-0.09301325576535063,1
16242,Toy Story 4,0.6586429288229276,0.5268311954933886,0
16244,Frozen,-0.5564978258304607,0.056574669768024985,1
16246,Black Panther,0.2320149235978689,0.06596355488429269,0
16249,Ant-Man,0.8113229224751609,-0.16188441248870555,2
16250,Onward,0.9028120658782846,0.1826791200376882,2
16253,Finding Dory,0.10401908889237492,0.6045089059233701,0
16256,Iron Man 3,0.2873656260666532,-0.6898454382524879,3
16258,Ice Age,0.8145424018020871,-0.4773252260761393,3
16261,Monsters University,1.208942450869259,0.02791744243692101,2
16263,Togo,-0.5281347089566581,0.02505004021364471,1
16264,A Bug's Life,-0.3451208059234775,-0.010979228548285943,1
16265,The Jungle Book,1.0069454811197784,0.30767307748301903,2
16269,Fantasia,-0.3446693036643074,-0.05004370019755173,1
16273,Lady and the Tramp,0.040670898259644164,0.7659299989381637,0
16276,Star Wars: The Last Jedi,-0.5486918616586599,0.014987899524394327,1
16278,Star Wars: The Rise of Skywalker,-0.2337822357087333,-0.1961035914057878,1
16279,Pirates of the Caribbean: Dead Man's Chest,-0.11021956387307613,-0.04206496190000826,1
16281,Captain Marvel,0.228181221208376,-0.6398459099101484,3
16286,Pirates of the Caribbean: At World's End,0.01338441841559597,-0.4505154288189338,3
16295,Treasure Planet,0.9593143131515002,0.01190162998083092,2
16299,The Good Dinosaur,-0.4169721620994222,-0.005254575335608193,1
16303,TRON: Legacy,0.5291543078501986,-0.5576742114185841,3
16305,The Aristocats,0.45507617349851504,0.6673028813656344,0
16306,Cars 3,-0.0664213531504057,0.0844878312156842,1
16308,Homeward Bound: The Incredible Journey,-0.30770726896248324,0.27271166366705485,1
16309,Maleficent: Mistress of Evil,0.5127716551695457,0.32473278794289784,0
16310,Before the Flood,-0.1593130851454572,-0.2766227120181086,1
16313,Flight of the Navigator,0.5069342292572007,-0.6785940994490807,3
16314,James and the Giant Peach,0.4893188684008516,0.5780377718736928,0
16319,Tinker Bell,0.8734926900127238,0.13266233974423292,2
16321,Eight Below,-0.4914262989003647,0.03658361277302808,1
16324,John Carter,-0.5328269423264896,0.15779783741851672,1
16329,"Honey, I Shrunk the Kids",0.6999291100728049,0.34954262790698376,2
16332,The BFG,-0.5446190452072869,0.0725005387798248,1
16333,The Princess Diaries,-0.3524802263218841,-0.03769974489132984,1
16334,National Treasure: Book of Secrets,-0.0003105640864455107,0.3337060682762836,0
16338,The Greatest Game Ever Played,-0.24498138367965624,-0.178300979932555,1
16344,Hocus Pocus,0.3610047481825269,0.4019416787483289,0
16349,The Rocketeer,-0.321370425471856,-0.07413098575823561,1
16351,Atlantis: The Lost Empire,-0.2956009057413993,-0.0007088577570428091,1
16358,Brother Bear,0.9384721354261484,0.19665236888515625,2
16360,Muppets Most Wanted,0.3663412693814975,0.18950431869181736,0
16361,The Journey of Natty Gann,0.34123451820798656,0.2788845723579837,0
16366,Adventures in Babysitting,1.2015985817377741,0.0967204524762386,2
16367,Dinosaur,-0.4483512809738048,0.23676418720339504,1
16368,Dumbo,0.1941929429392001,0.3301664357080917,0
16382,Return to Oz,-0.4782374290219945,0.21955788748617625,1
16387,Penguins,0.16861803339137313,0.08709748524929434,1
16392,Science Fair,-0.11639648924714542,-0.16562954201045113,1
16395,The Odd Life of Timothy Green,-0.3669461512460831,0.051011284055093496,1
16416,Iron Will,-0.14749578424147594,-0.056491395543861185,1
16422,Deep Blue,-0.3431538185354037,0.3915041841388962,1
16423,Red Tails,0.2806659788759847,0.6923185788361139,0
16432,The Crimson Wing: Mystery of the Flamingos,-0.4554823215619833,-0.024644107293096115,1
16451,Homeward Bound II: Lost in San Francisco,-0.33481572382452285,0.1278979879679505,1
16466,Stargirl,1.1890129722701397,0.07607627866240238,2
16468,The Shaggy Dog,-0.16167643124536452,0.00036979600838712393,1
16482,Mars Needs Moms,1.0785535054423334,-0.20561282636479275,2
16513,Kitbull,-0.5848750708173831,0.05537288224582392,1
16521,Valiant,0.09013890805171706,-0.024876303033821386,3
16522,Candleshoe,-0.5782150629405622,0.027851390662698632,1
16523,The Haunted Mansion,-0.3936536003986335,-0.03674680516141399,1
16557,Into the Okavango,0.09481482504037504,-0.5300752327810166,3
16569,Lamp Life,0.14642436251898533,-0.38385408418959743,3
16572,Operation Dumbo Drop,0.0634097865000499,0.3092908529985138,0
16608,Apollo: Missions to the Moon,-0.2238390264502904,-0.2388059666130691,1
16624,Dolphin Reef,0.0549985617518882,-0.5331251555514761,3
16688,Kazaam,0.011087224821837969,0.3853185859284868,0
16694,The Flood,0.5968538934062722,0.027500405654659933,2
16723,Secrets of Life,-0.4508613521379911,0.00046219342000726336,1
